Trd, 2590837.063, 150
Trd, 2590837.313, 149
Trd, 2590837.429, 147
Trd, 2590837.463, 149
Trd, 2590837.629, 137
Trd, 2590837.713, 149
Trd, 2590839.379, 146
Trd, 2590839.579, 145
Trd, 2590840.096, 128
Trd, 2590840.729, 143
Trd, 2590840.979, 145
Trd, 2590840.996, 138
Trd, 2590841.396, 119
Trd, 2590841.596, 120
Trd, 2590841.763, 100
Trd, 2590842.179, 148
Trd, 2590842.313, 129
Trd, 2590842.379, 112
Trd, 2590842.646, 128
Trd, 2590842.796, 147
Trd, 2590844.996, 100
Trd, 2590845.063, 100
Trd, 2590845.379, 102
Trd, 2590845.413, 102
Trd, 2590846.063, 112
Trd, 2590847.113, 101
Trd, 2590847.263, 100
Trd, 2590847.713, 101
Trd, 2590847.846, 103
Trd, 2590848.279, 116
Trd, 2590848.613, 115
Trd, 2590848.929, 115
Trd, 2590849.179, 104
Trd, 2590849.213, 135
Trd, 2590849.346, 137
Trd, 2590849.863, 134
Trd, 2590850.413, 139
Trd, 2590850.446, 137
Trd, 2590850.613, 140
Trd, 2590851.279, 137
Trd, 2590851.479, 136
Trd, 2590851.513, 138
Trd, 2590852.046, 136
Trd, 2590852.079, 132
Trd, 2590852.413, 148
Trd, 2590852.746, 150
Trd, 2590853.596, 149
Trd, 2590853.896, 100
Trd, 2590854.263, 100
Trd, 2590854.663, 100
Trd, 2590854.896, 100
Trd, 2590855.013, 109
Trd, 2590855.413, 101
Trd, 2590857.396, 150
Trd, 2590857.696, 150
Trd, 2590858.246, 150
Trd, 2590858.296, 150
Trd, 2590858.629, 150
Trd, 2590858.779, 150
Trd, 2590859.179, 150
Trd, 2590859.729, 148
Trd, 2590859.763, 148
Trd, 2590860.046, 150
Trd, 2590860.146, 144
Trd, 2590860.329, 141
Trd, 2590860.629, 117
Trd, 2590860.813, 149
Trd, 2590860.963, 104
Trd, 2590861.596, 142
Trd, 2590862.046, 143
Trd, 2590862.779, 143
Trd, 2590862.829, 133
Trd, 2590863.346, 144
Trd, 2590863.613, 133
Trd, 2590864.129, 134
Trd, 2590864.396, 133
Trd, 2590864.646, 109
Trd, 2590865.679, 100
Trd, 2590865.729, 100
Trd, 2590865.779, 100
Trd, 2590866.079, 103
Trd, 2590866.346, 107
Trd, 2590866.529, 146
Trd, 2590867.063, 150
Trd, 2590868.079, 132
Trd, 2590868.196, 131
Trd, 2590868.279, 139
Trd, 2590868.313, 112
Trd, 2590869.096, 149
Trd, 2590869.713, 128
Trd, 2590870.813, 150
Trd, 2590871.229, 150
Trd, 2590871.746, 150
Trd, 2590872.063, 150
Trd, 2590872.579, 150
Trd, 2590872.879, 150
Trd, 2590872.996, 150
Trd, 2590874.413, 150
Trd, 2590875.729, 150
Trd, 2590875.846, 150
Trd, 2590876.029, 150
Trd, 2590876.463, 150
Trd, 2590877.096, 149
Trd, 2590877.846, 150
Trd, 2590877.963, 149
Trd, 2590878.046, 148
Trd, 2590878.513, 150
Trd, 2590878.729, 149
Trd, 2590879.096, 149
Trd, 2590879.596, 150
Trd, 2590879.879, 150
Trd, 2590880.263, 145
Trd, 2590880.296, 144
Trd, 2590880.379, 149
Trd, 2590880.513, 150
Trd, 2590880.613, 144
Trd, 2590880.763, 150
Trd, 2590880.779, 141
Trd, 2590881.629, 134
Trd, 2590881.829, 150
Trd, 2590882.696, 103
Trd, 2590882.963, 100
Trd, 2590883.213, 100
Trd, 2590883.229, 100
Trd, 2590884.813, 100
Trd, 2590885.013, 100
Trd, 2590885.146, 100
Trd, 2590886.079, 100
Trd, 2590886.096, 100
Trd, 2590886.213, 100
Trd, 2590886.296, 100
Trd, 2590886.596, 101
Trd, 2590886.646, 104
Trd, 2590886.696, 107
Trd, 2590886.779, 132
Trd, 2590887.229, 123
Trd, 2590887.479, 111
Trd, 2590888.329, 126
Trd, 2590888.779, 144
Trd, 2590888.863, 144
Trd, 2590890.046, 150
Trd, 2590890.813, 150
Trd, 2590890.996, 150
Trd, 2590891.063, 149
Trd, 2590891.313, 133
Trd, 2590891.796, 126
Trd, 2590892.196, 150
Trd, 2590892.296, 125
Trd, 2590892.479, 123
Trd, 2590892.696, 121
Trd, 2590892.913, 150
Trd, 2590893.963, 144
Trd, 2590893.979, 145
Trd, 2590895.579, 118
Trd, 2590895.679, 111
Trd, 2590896.046, 118
Trd, 2590896.113, 113
Trd, 2590896.329, 119
Trd, 2590896.929, 116
Trd, 2590896.946, 118
Trd, 2590897.513, 118
Trd, 2590898.196, 144
Trd, 2590898.846, 146
Trd, 2590899.413, 150
Trd, 2590899.779, 150
Trd, 2590900.396, 150
Trd, 2590900.513, 150
Trd, 2590900.729, 150
Trd, 2590902.613, 150
Trd, 2590902.963, 150
Trd, 2590902.996, 150
Trd, 2590903.579, 150
Trd, 2590904.129, 150
Trd, 2590904.279, 150
Trd, 2590904.579, 150
Trd, 2590904.613, 150
Trd, 2590904.663, 147
Trd, 2590904.763, 127
Trd, 2590905.246, 150
Trd, 2590905.629, 150
Trd, 2590906.163, 150
Trd, 2590906.413, 150
Trd, 2590906.513, 150
Trd, 2590906.713, 150
Trd, 2590906.963, 149
Trd, 2590907.246, 150
Trd, 2590907.796, 148
Trd, 2590908.163, 148
Trd, 2590908.413, 148
Trd, 2590908.596, 149
Trd, 2590909.146, 140
Trd, 2590909.496, 148
Trd, 2590910.963, 150
Trd, 2590911.329, 142
Trd, 2590911.463, 145
Trd, 2590911.613, 142
Trd, 2590911.846, 141
Trd, 2590913.729, 150
Trd, 2590913.963, 150
Trd, 2590914.429, 150
Trd, 2590914.446, 150
Trd, 2590914.496, 150
Trd, 2590914.729, 129
Trd, 2590914.746, 116
Trd, 2590914.829, 101
Trd, 2590915.279, 100
Trd, 2590916.263, 100
Trd, 2590916.346, 100
Trd, 2590916.363, 100
Trd, 2590917.196, 106
Trd, 2590917.396, 104
Trd, 2590917.529, 103
Trd, 2590917.846, 110
Trd, 2590917.863, 111
Trd, 2590917.913, 144
Trd, 2590918.146, 104
Trd, 2590918.929, 118
Trd, 2590919.529, 119
Trd, 2590920.046, 109
Trd, 2590920.413, 150
Trd, 2590920.496, 150
Trd, 2590921.979, 150
Trd, 2590922.079, 150
Trd, 2590922.179, 150
Trd, 2590922.496, 150
Trd, 2590922.596, 150
Trd, 2590922.729, 150
Trd, 2590923.696, 150
Trd, 2590923.929, 150
Trd, 2590923.963, 144
Trd, 2590924.863, 150
Trd, 2590925.179, 150
Trd, 2590925.196, 148
Trd, 2590925.463, 150
Trd, 2590926.129, 138
Trd, 2590926.613, 147
Trd, 2590926.779, 123
Trd, 2590927.629, 125
Trd, 2590927.796, 145
Trd, 2590928.079, 111
Trd, 2590928.479, 107
Trd, 2590928.563, 106
Trd, 2590929.046, 146
Trd, 2590929.096, 147
Trd, 2590929.863, 150
Trd, 2590930.163, 150
Trd, 2590931.379, 150
Trd, 2590931.413, 150
Trd, 2590931.579, 150
Trd, 2590932.529, 150
Trd, 2590932.563, 150
Trd, 2590932.713, 149
Trd, 2590932.896, 149
Trd, 2590934.279, 150
Trd, 2590934.463, 150
Trd, 2590934.563, 149
Trd, 2590934.746, 150
Trd, 2590935.013, 150
Trd, 2590935.546, 148
Trd, 2590935.679, 149
Trd, 2590935.913, 148
Trd, 2590936.096, 150
Trd, 2590936.313, 143
Trd, 2590936.429, 150
Trd, 2590936.996, 147
Trd, 2590937.063, 143
Trd, 2590937.663, 143
Trd, 2590937.679, 142
Trd, 2590937.963, 141
Trd, 2590937.979, 121
Trd, 2590938.113, 108
Trd, 2590938.213, 143
Trd, 2590939.079, 149
Trd, 2590940.679, 128
Trd, 2590941.063, 120
Trd, 2590941.829, 150
Trd, 2590942.029, 149
Trd, 2590942.629, 147
Trd, 2590942.863, 130
Trd, 2590942.979, 146
Trd, 2590943.346, 147
Trd, 2590943.496, 145
Trd, 2590943.929, 144
Trd, 2590943.946, 131
Trd, 2590945.013, 150
Trd, 2590945.263, 150
Trd, 2590946.229, 150
Trd, 2590947.396, 150
Trd, 2590948.013, 150
Trd, 2590948.413, 150
Trd, 2590948.463, 150
Trd, 2590948.496, 149
Trd, 2590949.113, 109
Trd, 2590949.413, 107
Trd, 2590949.596, 100
Trd, 2590949.829, 106
Trd, 2590949.896, 107
Trd, 2590949.996, 107
Trd, 2590950.679, 100
Trd, 2590951.046, 101
Trd, 2590951.246, 101
Trd, 2590951.713, 101
Trd, 2590951.813, 100
Trd, 2590952.013, 102
Trd, 2590952.196, 103
Trd, 2590952.446, 100
Trd, 2590952.463, 102
Trd, 2590952.629, 132
Trd, 2590952.746, 133
Trd, 2590953.013, 106
Trd, 2590953.979, 100
Trd, 2590954.429, 100
Trd, 2590955.096, 100
Trd, 2590955.129, 100
Trd, 2590955.563, 100
Trd, 2590955.629, 100
Trd, 2590956.313, 100
Trd, 2590956.513, 102
Trd, 2590956.779, 102
Trd, 2590957.346, 116
Trd, 2590957.479, 144
Trd, 2590957.696, 103
Trd, 2590957.863, 100
Trd, 2590958.713, 101
Trd, 2590958.996, 101
Trd, 2590960.513, 101
Trd, 2590960.763, 103
Trd, 2590961.379, 101
Trd, 2590961.596, 100
Trd, 2590961.763, 103
Trd, 2590961.813, 104
Trd, 2590962.279, 106
Trd, 2590962.796, 150
Trd, 2590962.846, 143
Trd, 2590962.863, 149
Trd, 2590963.446, 136
Trd, 2590963.596, 137
Trd, 2590963.829, 146
Trd, 2590964.446, 114
Trd, 2590964.663, 150
Trd, 2590964.963, 149
Trd, 2590966.279, 111
Trd, 2590967.146, 101
Trd, 2590967.729, 100
Trd, 2590967.979, 100
Trd, 2590967.996, 101
Trd, 2590968.213, 100
Trd, 2590968.229, 101
Trd, 2590968.263, 102
Trd, 2590968.729, 113
Trd, 2590969.029, 105
Trd, 2590969.113, 102
Trd, 2590969.679, 123
Trd, 2590969.813, 124
Trd, 2590970.179, 124
Trd, 2590970.196, 106
Trd, 2590970.363, 148
Trd, 2590971.679, 106
Trd, 2590971.779, 150
Trd, 2590972.146, 149
Trd, 2590972.596, 150
Trd, 2590973.096, 146
Trd, 2590973.196, 148
Trd, 2590973.296, 145
Trd, 2590973.329, 144
Trd, 2590974.646, 141
Trd, 2590976.196, 150
Trd, 2590976.296, 149
Trd, 2590976.379, 141
Trd, 2590976.429, 149
Trd, 2590976.813, 148
Trd, 2590977.246, 141
Trd, 2590977.479, 138
Trd, 2590977.879, 145
Trd, 2590977.929, 144
Trd, 2590978.146, 144
Trd, 2590978.196, 145
Trd, 2590978.363, 143
Trd, 2590978.379, 137
Trd, 2590978.779, 146
Trd, 2590979.063, 147
Trd, 2590980.713, 150
Trd, 2590980.779, 142
Trd, 2590981.563, 150
Trd, 2590982.529, 149
Trd, 2590982.763, 148
Trd, 2590982.829, 148
Trd, 2590983.129, 148
Trd, 2590983.163, 147
Trd, 2590984.029, 144
Trd, 2590984.063, 138
Trd, 2590984.213, 144
Trd, 2590984.546, 142
Trd, 2590984.613, 128
Trd, 2590984.763, 126
Trd, 2590985.129, 122
Trd, 2590985.379, 114
Trd, 2590985.496, 142
Trd, 2590985.613, 107
Trd, 2590985.729, 142
Trd, 2590985.829, 143
Trd, 2590986.263, 136
Trd, 2590988.029, 150
Trd, 2590988.063, 150
Trd, 2590988.113, 135
Trd, 2590989.046, 150
Trd, 2590989.296, 150
Trd, 2590989.529, 150
Trd, 2590989.796, 150
Trd, 2590990.629, 150
Trd, 2590990.963, 150
Trd, 2590991.063, 150
Trd, 2590991.246, 145
Trd, 2590991.863, 119
Trd, 2590991.979, 147
Trd, 2590992.479, 118
Trd, 2590992.729, 142
Trd, 2590993.179, 140
Trd, 2590993.596, 116
Trd, 2590994.113, 137
Trd, 2590994.379, 138
Trd, 2590994.563, 116
Trd, 2590994.813, 138
Trd, 2590995.096, 138
Trd, 2590995.329, 147
Trd, 2590995.463, 146
Trd, 2590996.846, 150
Trd, 2590997.396, 143
Trd, 2590997.913, 143
Trd, 2590997.996, 150
Trd, 2590998.696, 150
Trd, 2590998.863, 150
Trd, 2590999.563, 150
Trd, 2591000.729, 150
Trd, 2591001.496, 150
Trd, 2591001.746, 150
Trd, 2591002.063, 150
Trd, 2591002.379, 150
Trd, 2591002.846, 150
Trd, 2591003.813, 150
Trd, 2591003.929, 150
Trd, 2591004.013, 150
Trd, 2591004.113, 146
Trd, 2591004.329, 146
Trd, 2591004.813, 147
Trd, 2591005.713, 150
Trd, 2591007.146, 150
Trd, 2591007.329, 150
Trd, 2591007.996, 148
Trd, 2591008.463, 148
Trd, 2591008.763, 147
Trd, 2591008.846, 143
Trd, 2591009.046, 124
Trd, 2591009.413, 143
Trd, 2591009.463, 144
Trd, 2591009.546, 119
Trd, 2591010.013, 141
Trd, 2591010.229, 142
Trd, 2591010.663, 142
Trd, 2591010.713, 122
Trd, 2591010.846, 122
Trd, 2591011.013, 122
Trd, 2591011.079, 125
Trd, 2591011.679, 122
Trd, 2591011.946, 121
Trd, 2591011.963, 143
Trd, 2591012.146, 106
Trd, 2591014.046, 150
Trd, 2591014.163, 150
Trd, 2591014.646, 150
Trd, 2591014.763, 149
Trd, 2591014.913, 111
Trd, 2591015.046, 114
Trd, 2591017.196, 150
Trd, 2591017.413, 150
Trd, 2591018.029, 150
Trd, 2591018.179, 150
Trd, 2591018.379, 150
Trd, 2591018.546, 150
Trd, 2591018.596, 150
Trd, 2591018.813, 149
Trd, 2591019.346, 149
Trd, 2591019.629, 147
Trd, 2591019.913, 148
Trd, 2591020.346, 146
Trd, 2591020.496, 146
Trd, 2591020.613, 143
Trd, 2591021.346, 134
Trd, 2591021.413, 148
Trd, 2591021.929, 135
Trd, 2591022.046, 134
Trd, 2591022.213, 150
Trd, 2591023.163, 148
Trd, 2591023.196, 134
Trd, 2591023.379, 129
Trd, 2591024.113, 150
Trd, 2591024.313, 150
Trd, 2591024.513, 150
Trd, 2591025.363, 150
Trd, 2591026.696, 150
Trd, 2591026.846, 150
Trd, 2591026.979, 149
Trd, 2591028.563, 150
Trd, 2591028.679, 150
Trd, 2591028.896, 150
Trd, 2591029.029, 149
Trd, 2591029.463, 138
Trd, 2591029.813, 137
Trd, 2591030.213, 145
Trd, 2591030.379, 145
Trd, 2591030.663, 134
Trd, 2591030.763, 122
Trd, 2591030.796, 119
Trd, 2591031.113, 103
Trd, 2591031.379, 103
Trd, 2591031.446, 143
Trd, 2591031.679, 144
Trd, 2591031.846, 141
Trd, 2591032.013, 145
Trd, 2591032.363, 102
Trd, 2591032.829, 142
Trd, 2591033.129, 120
Trd, 2591034.879, 150
Trd, 2591035.029, 146
Trd, 2591035.146, 120
Trd, 2591035.563, 101
Trd, 2591036.046, 101
Trd, 2591036.313, 103
Trd, 2591036.463, 102
Trd, 2591037.413, 110
Trd, 2591037.479, 116
Trd, 2591037.596, 144
Trd, 2591037.613, 147
Trd, 2591037.896, 101
Trd, 2591039.213, 114
Trd, 2591039.796, 116
Trd, 2591040.379, 115
Trd, 2591040.713, 117
Trd, 2591041.063, 120
Trd, 2591041.413, 142
Trd, 2591041.429, 141
Trd, 2591041.713, 150
Trd, 2591042.379, 144
Trd, 2591042.796, 138
Trd, 2591043.596, 140
Trd, 2591043.913, 138
Trd, 2591044.329, 137
Trd, 2591044.479, 138
Trd, 2591045.196, 114
Trd, 2591045.546, 126
Trd, 2591045.713, 108
Trd, 2591046.129, 129
Trd, 2591046.213, 131
Trd, 2591046.596, 108
Trd, 2591047.596, 107
Trd, 2591048.329, 100
Trd, 2591049.246, 103
Trd, 2591049.996, 106
Trd, 2591050.613, 111
Trd, 2591050.829, 111
Trd, 2591051.196, 101
Trd, 2591051.679, 100
Trd, 2591051.829, 102
Trd, 2591051.996, 100
Trd, 2591052.013, 102
Trd, 2591052.179, 107
Trd, 2591052.396, 150
Trd, 2591052.963, 150
Trd, 2591053.146, 149
Trd, 2591053.579, 100
Trd, 2591053.879, 100
Trd, 2591054.029, 125
Trd, 2591055.896, 150
Trd, 2591055.929, 150
Trd, 2591056.246, 150
Trd, 2591056.413, 150
Trd, 2591056.763, 150
Trd, 2591056.863, 150
Trd, 2591057.429, 150
Trd, 2591057.579, 146
Trd, 2591058.363, 150
Trd, 2591058.513, 146
Trd, 2591058.679, 136
Trd, 2591058.713, 137
Trd, 2591058.963, 148
Trd, 2591059.979, 139
Trd, 2591060.746, 140
Trd, 2591060.896, 139
Trd, 2591061.296, 133
Trd, 2591061.779, 130
Trd, 2591062.829, 132
Trd, 2591063.213, 124
Trd, 2591063.363, 119
Trd, 2591063.563, 131
Trd, 2591064.013, 105
Trd, 2591064.346, 107
Trd, 2591064.379, 108
Trd, 2591064.763, 108
Trd, 2591065.613, 101
Trd, 2591065.829, 102
Trd, 2591065.896, 102
Trd, 2591066.363, 102
Trd, 2591066.429, 103
Trd, 2591066.479, 104
Trd, 2591067.329, 101
Trd, 2591067.363, 104
Trd, 2591068.513, 102
Trd, 2591069.046, 100
Trd, 2591069.146, 100
Trd, 2591070.129, 100
Trd, 2591070.163, 105
Trd, 2591070.463, 112
Trd, 2591070.729, 143
Trd, 2591071.096, 106
Trd, 2591071.229, 107
Trd, 2591071.546, 107
Trd, 2591071.729, 107
Trd, 2591071.846, 127
Trd, 2591072.263, 108
Trd, 2591072.946, 110
Trd, 2591073.063, 133
Trd, 2591073.363, 135
Trd, 2591074.229, 138
Trd, 2591074.413, 138
Trd, 2591074.429, 137
Trd, 2591074.463, 110
Trd, 2591074.813, 142
Trd, 2591074.863, 143
Trd, 2591075.179, 122
Trd, 2591076.213, 150
Trd, 2591076.346, 150
Trd, 2591076.746, 150
Trd, 2591077.096, 150
Trd, 2591077.279, 147
Trd, 2591077.363, 144
Trd, 2591077.446, 113
Trd, 2591078.829, 110
Trd, 2591079.213, 118
Trd, 2591079.396, 118
Trd, 2591079.429, 119
Trd, 2591080.096, 119
Trd, 2591080.146, 127
Trd, 2591080.996, 133
Trd, 2591081.513, 121
Trd, 2591082.363, 134
Trd, 2591082.546, 130
Trd, 2591082.663, 135
Trd, 2591082.963, 128
Trd, 2591083.563, 142
Trd, 2591084.513, 126
Trd, 2591085.113, 150
Trd, 2591085.313, 143
Trd, 2591085.746, 136
Trd, 2591085.979, 142
Trd, 2591086.579, 117
Trd, 2591087.213, 137
Trd, 2591087.279, 131
Trd, 2591087.346, 136
Trd, 2591087.479, 136
Trd, 2591087.946, 135
Trd, 2591088.313, 134
Trd, 2591089.113, 134
Trd, 2591089.313, 128
Trd, 2591089.846, 127
Trd, 2591090.713, 127
Trd, 2591090.813, 127
Trd, 2591091.063, 128
Trd, 2591091.079, 126
Trd, 2591091.246, 125
Trd, 2591091.513, 126
Trd, 2591091.779, 128
Trd, 2591092.296, 115
Trd, 2591092.546, 119
Trd, 2591092.696, 126
Trd, 2591093.129, 112
Trd, 2591093.346, 126
Trd, 2591093.396, 131
Trd, 2591093.996, 110
Trd, 2591094.013, 109
Trd, 2591094.496, 100
Trd, 2591095.463, 100
Trd, 2591095.513, 100
Trd, 2591096.429, 102
Trd, 2591097.846, 104
Trd, 2591097.879, 105
Trd, 2591099.013, 103
Trd, 2591099.063, 102
Trd, 2591099.346, 104
Trd, 2591099.663, 103
Trd, 2591099.829, 103
Trd, 2591099.846, 106
Trd, 2591100.129, 113
Trd, 2591100.379, 113
Trd, 2591100.613, 125
Trd, 2591101.163, 113
Trd, 2591101.279, 112
Trd, 2591102.629, 150
Trd, 2591102.646, 150
Trd, 2591103.696, 144
Trd, 2591103.796, 108
Trd, 2591104.129, 108
Trd, 2591104.396, 144
Trd, 2591104.529, 129
Trd, 2591104.913, 144
Trd, 2591105.546, 127
Trd, 2591105.629, 145
Trd, 2591105.929, 148
Trd, 2591106.596, 150
Trd, 2591106.629, 149
Trd, 2591106.896, 150
Trd, 2591107.729, 150
Trd, 2591108.546, 150
Trd, 2591109.963, 150
Trd, 2591110.113, 150
Trd, 2591110.246, 150
Trd, 2591110.479, 150
Trd, 2591110.613, 150
Trd, 2591111.046, 150
Trd, 2591111.313, 150
Trd, 2591111.479, 150
Trd, 2591111.613, 149
Trd, 2591112.129, 143
Trd, 2591112.629, 132
Trd, 2591112.829, 129
Trd, 2591113.246, 129
Trd, 2591114.113, 133
Trd, 2591114.129, 134
Trd, 2591114.229, 124
Trd, 2591114.296, 145
Trd, 2591114.513, 149
Trd, 2591115.479, 129
Trd, 2591115.546, 125
Trd, 2591115.863, 150
Trd, 2591115.929, 138
Trd, 2591116.846, 101
Trd, 2591116.979, 101
Trd, 2591117.079, 100
Trd, 2591117.429, 100
Trd, 2591118.196, 103
Trd, 2591118.246, 107
Trd, 2591118.263, 109
Trd, 2591118.813, 102
Trd, 2591118.929, 101
Trd, 2591120.413, 101
Trd, 2591120.646, 102
Trd, 2591121.013, 102
Trd, 2591121.129, 103
Trd, 2591121.296, 102
Trd, 2591121.729, 103
Trd, 2591121.813, 104
Trd, 2591122.796, 104
Trd, 2591123.529, 100
Trd, 2591124.596, 100
Trd, 2591125.396, 100
Trd, 2591125.479, 100
Trd, 2591125.829, 100
Trd, 2591126.029, 103
Trd, 2591126.179, 104
Trd, 2591127.146, 100
Trd, 2591127.229, 102
Trd, 2591127.713, 101
Trd, 2591127.779, 103
Trd, 2591128.013, 132
Trd, 2591129.446, 113
Trd, 2591129.696, 114
Trd, 2591129.929, 114
Trd, 2591130.496, 130
Trd, 2591130.796, 131
Trd, 2591131.279, 131
Trd, 2591131.363, 135
Trd, 2591131.413, 130
Trd, 2591131.429, 126
Trd, 2591131.563, 129
Trd, 2591131.729, 123
Trd, 2591131.946, 109
Trd, 2591132.213, 115
Trd, 2591132.529, 134
Trd, 2591133.663, 102
Trd, 2591133.896, 102
Trd, 2591134.046, 102
Trd, 2591134.096, 101
Trd, 2591134.163, 104
Trd, 2591134.179, 105
Trd, 2591134.196, 106
Trd, 2591135.596, 100
Trd, 2591135.679, 100
Trd, 2591136.129, 100
Trd, 2591136.196, 100
Trd, 2591137.113, 100
Trd, 2591137.346, 103
Trd, 2591137.646, 106
Trd, 2591137.879, 101
Trd, 2591138.113, 104
Trd, 2591138.329, 102
Trd, 2591139.029, 103
Trd, 2591139.213, 104
Trd, 2591139.863, 108
Trd, 2591141.979, 150
Trd, 2591142.929, 150
Trd, 2591143.463, 150
Trd, 2591143.479, 150
Trd, 2591143.546, 150
Trd, 2591143.896, 150
Trd, 2591144.429, 149
Trd, 2591144.563, 139
Trd, 2591144.579, 137
Trd, 2591145.813, 100
Trd, 2591145.879, 100
Trd, 2591145.913, 100
Trd, 2591147.196, 100
Trd, 2591147.229, 100
Trd, 2591147.279, 100
Trd, 2591147.646, 100
Trd, 2591147.696, 100
Trd, 2591148.113, 100
Trd, 2591148.379, 100
Trd, 2591148.413, 100
Trd, 2591148.579, 100
Trd, 2591148.629, 101
Trd, 2591149.479, 100
Trd, 2591149.546, 102
Trd, 2591149.963, 102
Trd, 2591150.463, 107
Trd, 2591150.579, 132
Trd, 2591151.046, 134
Trd, 2591151.213, 113
Trd, 2591152.063, 150
Trd, 2591152.863, 150
Trd, 2591153.546, 150
Trd, 2591153.613, 150
Trd, 2591154.163, 150
Trd, 2591154.229, 150
Trd, 2591154.279, 150
Trd, 2591154.396, 150
Trd, 2591154.446, 150
Trd, 2591154.479, 149
Trd, 2591155.029, 150
Trd, 2591155.079, 150
Trd, 2591155.713, 150
Trd, 2591155.879, 150
Trd, 2591156.313, 149
Trd, 2591156.429, 147
Trd, 2591156.529, 134
Trd, 2591156.546, 103
Trd, 2591158.379, 147
Trd, 2591158.646, 147
Trd, 2591158.846, 148
Trd, 2591159.246, 107
Trd, 2591160.346, 107
Trd, 2591161.496, 125
Trd, 2591161.529, 106
Trd, 2591161.646, 124
Trd, 2591162.763, 116
Trd, 2591162.779, 117
Trd, 2591163.713, 113
Trd, 2591163.746, 137
Trd, 2591163.846, 138
Trd, 2591164.113, 150
Trd, 2591164.596, 150
Trd, 2591164.713, 150
Trd, 2591164.846, 150
Trd, 2591164.896, 149
Trd, 2591165.763, 145
Trd, 2591166.096, 144
Trd, 2591166.896, 139
Trd, 2591167.396, 138
Trd, 2591167.563, 145
Trd, 2591168.646, 121
Trd, 2591168.929, 138
Trd, 2591169.079, 110
Trd, 2591169.096, 113
Trd, 2591169.229, 140
Trd, 2591169.263, 109
Trd, 2591170.313, 100
Trd, 2591170.363, 100
Trd, 2591170.579, 101
Trd, 2591170.596, 102
Trd, 2591170.646, 102
Trd, 2591170.963, 101
Trd, 2591171.346, 101
Trd, 2591171.729, 101
Trd, 2591172.213, 100
Trd, 2591172.663, 102
Trd, 2591173.046, 101
Trd, 2591173.646, 103
Trd, 2591174.013, 104
Trd, 2591174.413, 100
Trd, 2591174.513, 113
Trd, 2591175.529, 112
Trd, 2591175.896, 104
Trd, 2591176.679, 141
Trd, 2591177.413, 139
Trd, 2591177.496, 139
Trd, 2591177.779, 117
Trd, 2591178.113, 150
Trd, 2591178.363, 119
Trd, 2591178.679, 137
Trd, 2591179.679, 147
Trd, 2591180.029, 143
Trd, 2591180.079, 142
Trd, 2591180.179, 142
Trd, 2591180.513, 146
Trd, 2591181.396, 149
Trd, 2591181.546, 150
Trd, 2591181.779, 148
Trd, 2591182.179, 148
Trd, 2591182.613, 146
Trd, 2591182.763, 144
Trd, 2591183.146, 146
Trd, 2591183.196, 139
Trd, 2591184.429, 142
Trd, 2591184.463, 144
Trd, 2591184.696, 143
Trd, 2591185.296, 133
Trd, 2591185.413, 141
Trd, 2591186.079, 138
Trd, 2591186.596, 139
Trd, 2591186.663, 138
Trd, 2591187.046, 140
Trd, 2591187.163, 139
Trd, 2591187.779, 150
Trd, 2591188.029, 150
Trd, 2591188.046, 149
Trd, 2591188.329, 150
Trd, 2591188.696, 149
Trd, 2591188.846, 143
Trd, 2591189.863, 150
Trd, 2591190.329, 150
Trd, 2591190.579, 150
Trd, 2591190.646, 150
Trd, 2591191.996, 150
Trd, 2591192.646, 150
Trd, 2591193.029, 150
Trd, 2591193.446, 150
Trd, 2591195.229, 150
Trd, 2591195.763, 149
Trd, 2591196.429, 150
Trd, 2591196.979, 150
Trd, 2591197.196, 150
Trd, 2591197.313, 150
Trd, 2591197.679, 150
Trd, 2591197.729, 150
Trd, 2591198.029, 149
Trd, 2591198.629, 131
Trd, 2591198.729, 128
Trd, 2591199.313, 124
Trd, 2591200.079, 134
Trd, 2591200.146, 134
Trd, 2591200.479, 133
Trd, 2591200.896, 101
Trd, 2591200.913, 103
Trd, 2591201.279, 102
Trd, 2591201.396, 108
Trd, 2591202.079, 101
Trd, 2591202.596, 100
Trd, 2591202.796, 100
Trd, 2591203.496, 100
Trd, 2591203.729, 100
Trd, 2591203.846, 102
Trd, 2591203.913, 103
Trd, 2591204.413, 102
Trd, 2591205.546, 102
Trd, 2591206.279, 102
Trd, 2591206.363, 101
Trd, 2591206.379, 100
Trd, 2591206.629, 101
Trd, 2591207.113, 150
Trd, 2591208.313, 150
Trd, 2591209.413, 150
Trd, 2591209.496, 150
Trd, 2591209.946, 150
Trd, 2591210.046, 150
Trd, 2591210.179, 150
Trd, 2591210.579, 148
Trd, 2591210.596, 150
Trd, 2591210.713, 147
Trd, 2591211.246, 147
Trd, 2591211.313, 146
Trd, 2591211.379, 149
Trd, 2591211.496, 137
Trd, 2591211.863, 134
Trd, 2591212.029, 139
Trd, 2591212.746, 149
Trd, 2591213.313, 143
Trd, 2591213.596, 142
Trd, 2591214.096, 117
Trd, 2591214.913, 149
Trd, 2591215.329, 148
Trd, 2591216.296, 150
Trd, 2591216.779, 148
Trd, 2591217.013, 150
Trd, 2591217.696, 150
Trd, 2591217.863, 150
Trd, 2591218.679, 150
Trd, 2591218.846, 149
Trd, 2591218.963, 144
Trd, 2591219.246, 138
Trd, 2591219.313, 137
Trd, 2591219.413, 150
Trd, 2591220.063, 150
Trd, 2591220.246, 150
Trd, 2591220.579, 147
Trd, 2591221.046, 137
Trd, 2591221.113, 133
Trd, 2591221.263, 146
Trd, 2591221.429, 147
Trd, 2591221.646, 148
Trd, 2591222.446, 149
Trd, 2591222.629, 144
Trd, 2591222.696, 140
Trd, 2591222.913, 110
Trd, 2591223.579, 147
Trd, 2591223.713, 130
Trd, 2591224.846, 143
Trd, 2591225.563, 144
Trd, 2591225.646, 143
Trd, 2591225.796, 117
Trd, 2591225.813, 116
Trd, 2591225.863, 146
Trd, 2591226.846, 137
Trd, 2591226.963, 102
Trd, 2591227.729, 100
Trd, 2591228.496, 150
Trd, 2591228.563, 150
Trd, 2591229.713, 150
Trd, 2591229.813, 150
Trd, 2591230.129, 150
Trd, 2591230.529, 149
Trd, 2591231.429, 150
Trd, 2591231.879, 150
Trd, 2591232.213, 150
Trd, 2591232.829, 150
Trd, 2591232.846, 150
Trd, 2591233.263, 150
Trd, 2591233.379, 150
Trd, 2591233.913, 150
Trd, 2591233.963, 150
Trd, 2591234.029, 143
Trd, 2591234.213, 148
Trd, 2591234.263, 149
Trd, 2591234.363, 106
Trd, 2591234.629, 149
Trd, 2591235.429, 114
Trd, 2591235.546, 113
Trd, 2591235.763, 105
Trd, 2591236.029, 108
Trd, 2591236.446, 109
Trd, 2591236.679, 114
Trd, 2591236.779, 111
Trd, 2591237.446, 150
Trd, 2591237.879, 150
Trd, 2591239.363, 150
Trd, 2591240.263, 150
Trd, 2591240.596, 149
Trd, 2591240.829, 149
Trd, 2591241.263, 149
Trd, 2591241.963, 150
Trd, 2591241.996, 150
Trd, 2591242.529, 145
Trd, 2591243.013, 143
Trd, 2591243.179, 139
Trd, 2591243.446, 138
Trd, 2591244.096, 139
Trd, 2591244.179, 137
Trd, 2591244.329, 112
Trd, 2591244.463, 111
Trd, 2591244.479, 139
Trd, 2591245.613, 100
Trd, 2591245.729, 102
Trd, 2591245.763, 103
Trd, 2591246.763, 150
Trd, 2591247.079, 150
Trd, 2591247.129, 150
Trd, 2591247.446, 148
Trd, 2591248.396, 150
Trd, 2591248.513, 150
Trd, 2591249.346, 150
Trd, 2591249.529, 150
Trd, 2591250.046, 149
Trd, 2591250.146, 149
Trd, 2591250.229, 126
Trd, 2591250.913, 141
Trd, 2591251.079, 140
Trd, 2591251.429, 139
Trd, 2591251.463, 119
Trd, 2591251.479, 141
Trd, 2591251.529, 142
Trd, 2591251.746, 144
Trd, 2591253.229, 146
Trd, 2591253.779, 148
Trd, 2591253.946, 140
Trd, 2591254.779, 150
Trd, 2591255.029, 150
Trd, 2591255.279, 150
Trd, 2591255.679, 150
Trd, 2591255.713, 150
Trd, 2591255.779, 149
Trd, 2591256.596, 145
Trd, 2591256.696, 144
Trd, 2591256.979, 145
Trd, 2591257.279, 138
Trd, 2591257.379, 143
Trd, 2591257.413, 138
Trd, 2591257.513, 137
Trd, 2591257.529, 136
Trd, 2591257.929, 104
Trd, 2591258.846, 101
Trd, 2591258.913, 102
Trd, 2591259.113, 140
Trd, 2591259.796, 140
Trd, 2591260.396, 136
Trd, 2591260.746, 137
Trd, 2591260.779, 112
Trd, 2591261.146, 107
Trd, 2591261.363, 137
Trd, 2591261.513, 104
Trd, 2591262.296, 128
Trd, 2591262.329, 126
Trd, 2591262.596, 135
Trd, 2591264.746, 107
Trd, 2591265.346, 150
Trd, 2591265.596, 149
Trd, 2591265.963, 148
Trd, 2591266.113, 148
Trd, 2591267.079, 150
Trd, 2591268.363, 150
Trd, 2591268.913, 150
Trd, 2591268.929, 150
Trd, 2591268.946, 150
Trd, 2591269.029, 150
Trd, 2591269.079, 149
Trd, 2591269.163, 149
Trd, 2591269.513, 144
Trd, 2591269.546, 138
Trd, 2591269.763, 149
Trd, 2591270.096, 141
Trd, 2591270.229, 107
Trd, 2591270.946, 102
Trd, 2591271.446, 102
Trd, 2591271.929, 100
Trd, 2591271.996, 103
Trd, 2591272.496, 104
Trd, 2591272.696, 146
Trd, 2591273.429, 100
Trd, 2591273.546, 100
Trd, 2591274.529, 100
Trd, 2591274.629, 100
Trd, 2591274.746, 101
Trd, 2591275.329, 101
Trd, 2591275.429, 118
Trd, 2591276.096, 143
Trd, 2591276.113, 142
Trd, 2591276.163, 144
Trd, 2591276.746, 150
Trd, 2591277.396, 150
Trd, 2591277.463, 149
Trd, 2591278.813, 150
Trd, 2591279.113, 150
Trd, 2591279.363, 150
Trd, 2591279.529, 150
Trd, 2591280.846, 150
Trd, 2591280.979, 148
Trd, 2591281.129, 147
Trd, 2591281.396, 147
Trd, 2591281.479, 148
Trd, 2591281.546, 137
Trd, 2591281.629, 115
Trd, 2591281.796, 101
Trd, 2591281.846, 102
Trd, 2591282.613, 100
Trd, 2591282.929, 100
Trd, 2591283.896, 100
Trd, 2591283.963, 100
Trd, 2591285.029, 100
Trd, 2591285.129, 100
Trd, 2591285.679, 100
Trd, 2591285.829, 100
Trd, 2591285.846, 100
Trd, 2591286.113, 100
Trd, 2591286.179, 100
Trd, 2591286.446, 101
Trd, 2591286.546, 101
Trd, 2591286.946, 102
Trd, 2591287.113, 100
Trd, 2591287.813, 103
Trd, 2591288.079, 111
Trd, 2591289.129, 135
Trd, 2591289.263, 127
Trd, 2591290.296, 142
Trd, 2591290.563, 143
Trd, 2591290.863, 143
Trd, 2591291.046, 141
Trd, 2591291.179, 124
Trd, 2591291.479, 118
Trd, 2591291.796, 134
Trd, 2591292.329, 148
Trd, 2591292.679, 150
Trd, 2591293.829, 149
Trd, 2591293.946, 150
Trd, 2591294.196, 149
Trd, 2591294.213, 143
Trd, 2591295.146, 150
Trd, 2591295.246, 150
Trd, 2591295.463, 150
Trd, 2591295.629, 150
Trd, 2591295.646, 148
Trd, 2591295.946, 150
Trd, 2591295.996, 149
Trd, 2591296.496, 100
Trd, 2591296.563, 102
Trd, 2591296.779, 103
Trd, 2591297.013, 103
Trd, 2591298.396, 100
Trd, 2591300.663, 100
Trd, 2591300.746, 100
Trd, 2591301.529, 100
Trd, 2591301.696, 100
Trd, 2591301.796, 100
Trd, 2591301.979, 100
Trd, 2591302.013, 100
Trd, 2591302.213, 105
Trd, 2591302.229, 104
Trd, 2591302.463, 107
Trd, 2591303.179, 108
Trd, 2591303.313, 104
Trd, 2591303.846, 107
Trd, 2591303.996, 108
Trd, 2591304.496, 105
Trd, 2591304.946, 102
Trd, 2591305.179, 106
Trd, 2591305.779, 102
Trd, 2591305.829, 103
Trd, 2591306.063, 106
Trd, 2591306.129, 107
Trd, 2591306.729, 100
Trd, 2591307.363, 100
Trd, 2591307.663, 100
Trd, 2591307.863, 103
Trd, 2591307.913, 105
Trd, 2591308.129, 118
Trd, 2591308.746, 105
Trd, 2591308.779, 127
Trd, 2591308.896, 135
Trd, 2591310.246, 147
Trd, 2591310.363, 115
Trd, 2591312.346, 150
Trd, 2591312.379, 150
Trd, 2591313.146, 150
Trd, 2591313.279, 150
Trd, 2591313.579, 150
Trd, 2591313.896, 150
Trd, 2591314.596, 150
Trd, 2591314.846, 150
Trd, 2591315.196, 150
Trd, 2591315.713, 150
Trd, 2591316.096, 148
Trd, 2591316.379, 150
Trd, 2591317.079, 150
Trd, 2591317.329, 150
Trd, 2591318.046, 150
Trd, 2591318.196, 150
Trd, 2591318.213, 149
Trd, 2591319.413, 149
Trd, 2591319.563, 148
Trd, 2591319.613, 146
Trd, 2591321.296, 150
Trd, 2591321.663, 150
Trd, 2591322.179, 150
Trd, 2591322.796, 150
Trd, 2591324.013, 150
Trd, 2591324.396, 150
Trd, 2591324.446, 150
Trd, 2591324.579, 150
Trd, 2591324.746, 150
Trd, 2591324.763, 150
Trd, 2591324.929, 150
Trd, 2591325.179, 149
Trd, 2591325.246, 148
Trd, 2591325.429, 149
Trd, 2591325.529, 143
Trd, 2591325.896, 136
Trd, 2591325.913, 135
Trd, 2591326.146, 115
Trd, 2591326.363, 121
Trd, 2591326.729, 135
Trd, 2591326.796, 134
Trd, 2591326.846, 133
Trd, 2591327.079, 150
Trd, 2591327.646, 137
Trd, 2591327.763, 113
Trd, 2591328.246, 100
Trd, 2591328.396, 102
Trd, 2591328.463, 130
Trd, 2591328.813, 136
Trd, 2591330.496, 150
Trd, 2591332.213, 150
Trd, 2591332.663, 150
Trd, 2591332.929, 150
Trd, 2591334.963, 150
Trd, 2591335.063, 150
Trd, 2591335.263, 150
Trd, 2591335.579, 150
Trd, 2591335.996, 148
Trd, 2591336.113, 149
Trd, 2591336.129, 148
Trd, 2591336.713, 149
Trd, 2591337.229, 146
Trd, 2591337.396, 148
Trd, 2591338.496, 147
Trd, 2591338.679, 146
Trd, 2591339.129, 146
Trd, 2591339.763, 142
Trd, 2591339.946, 140
Trd, 2591340.346, 150
Trd, 2591340.396, 139
Trd, 2591340.979, 150
Trd, 2591341.013, 141
Trd, 2591341.313, 149
Trd, 2591341.513, 141
Trd, 2591342.713, 144
Trd, 2591342.896, 143
Trd, 2591343.013, 144
Trd, 2591343.329, 142
Trd, 2591343.629, 130
Trd, 2591344.279, 133
Trd, 2591344.396, 123
Trd, 2591344.679, 135
Trd, 2591345.879, 114
Trd, 2591346.029, 113
Trd, 2591346.263, 132
Trd, 2591346.279, 112
Trd, 2591346.479, 110
Trd, 2591346.829, 111
Trd, 2591347.663, 128
Trd, 2591348.129, 100
Trd, 2591348.179, 101
Trd, 2591348.463, 101
Trd, 2591348.613, 100
Trd, 2591349.879, 116
Trd, 2591350.463, 124
Trd, 2591350.663, 113
Trd, 2591350.679, 125
Trd, 2591351.213, 119
Trd, 2591351.229, 120
Trd, 2591351.279, 113
Trd, 2591351.696, 122
Trd, 2591352.129, 113
Trd, 2591352.796, 126
Trd, 2591353.363, 150
Trd, 2591354.196, 150
Trd, 2591354.929, 150
Trd, 2591355.013, 150
Trd, 2591355.413, 150
Trd, 2591355.429, 150
Trd, 2591355.563, 150
Trd, 2591355.796, 150
Trd, 2591355.896, 150
Trd, 2591356.546, 149
Trd, 2591357.579, 117
Trd, 2591358.046, 144
Trd, 2591358.379, 114
Trd, 2591358.496, 131
Trd, 2591358.729, 137
Trd, 2591359.296, 149
Trd, 2591359.313, 114
Trd, 2591359.779, 150
Trd, 2591360.763, 130
Trd, 2591361.096, 116
Trd, 2591361.146, 115
Trd, 2591361.196, 101
Trd, 2591361.229, 133
Trd, 2591361.679, 100
Trd, 2591361.913, 100
Trd, 2591362.129, 100
Trd, 2591362.229, 100
Trd, 2591363.729, 102
Trd, 2591363.963, 103
Trd, 2591364.146, 113
Trd, 2591364.613, 107
Trd, 2591364.696, 102
Trd, 2591364.746, 101
Trd, 2591364.846, 107
Trd, 2591365.713, 150
Trd, 2591365.746, 127
Trd, 2591366.029, 149
Trd, 2591366.896, 150
Trd, 2591367.213, 150
Trd, 2591367.346, 150
Trd, 2591368.179, 150
Trd, 2591368.896, 150
Trd, 2591369.079, 149
Trd, 2591369.146, 149
Trd, 2591369.263, 148
Trd, 2591370.079, 148
Trd, 2591370.096, 143
Trd, 2591370.263, 142
Trd, 2591370.379, 141
Trd, 2591370.563, 141
Trd, 2591371.313, 149
Trd, 2591371.396, 115
Trd, 2591371.663, 124
Trd, 2591371.946, 148
Trd, 2591372.163, 150
Trd, 2591374.463, 150
Trd, 2591375.696, 150
Trd, 2591377.063, 150
Trd, 2591377.363, 150
Trd, 2591377.896, 150
Trd, 2591378.046, 150
Trd, 2591378.146, 150
Trd, 2591378.296, 150
Trd, 2591378.379, 150
Trd, 2591378.413, 150
Trd, 2591378.629, 150
Trd, 2591378.979, 148
Trd, 2591379.329, 149
Trd, 2591379.546, 150
Trd, 2591379.846, 148
Trd, 2591379.946, 149
Trd, 2591380.313, 147
Trd, 2591380.463, 139
Trd, 2591380.496, 136
Trd, 2591380.513, 124
Trd, 2591380.596, 149
Trd, 2591381.229, 133
Trd, 2591381.479, 123
Trd, 2591381.579, 114
Trd, 2591381.813, 134
Trd, 2591382.029, 149
Trd, 2591382.279, 148
Trd, 2591383.563, 102
Trd, 2591384.163, 104
Trd, 2591384.529, 100
Trd, 2591384.996, 103
Trd, 2591385.146, 105
Trd, 2591385.813, 104
Trd, 2591386.529, 113
Trd, 2591386.696, 114
Trd, 2591386.763, 113
Trd, 2591386.846, 122
Trd, 2591386.946, 131
Trd, 2591387.629, 116
Trd, 2591388.196, 120
Trd, 2591388.446, 121
Trd, 2591388.696, 127
Trd, 2591388.779, 121
Trd, 2591389.429, 127
Trd, 2591389.779, 126
Trd, 2591390.129, 127
Trd, 2591390.429, 126
Trd, 2591391.063, 124
Trd, 2591391.096, 143
Trd, 2591391.379, 121
Trd, 2591391.413, 107
Trd, 2591391.579, 138
Trd, 2591391.613, 144
Trd, 2591391.879, 150
Trd, 2591392.246, 149
Trd, 2591392.513, 133
Trd, 2591393.063, 134
Trd, 2591393.379, 125
Trd, 2591393.496, 122
Trd, 2591395.146, 150
Trd, 2591395.579, 147
Trd, 2591396.863, 150
Trd, 2591396.946, 148
Trd, 2591397.429, 150
Trd, 2591397.779, 148
Trd, 2591398.363, 141
Trd, 2591398.446, 115
Trd, 2591398.946, 149
Trd, 2591399.179, 150
Trd, 2591399.379, 150
Trd, 2591399.579, 130
Trd, 2591399.929, 146
Trd, 2591400.446, 134
Trd, 2591400.746, 133
Trd, 2591401.913, 134
Trd, 2591402.029, 133
Trd, 2591402.129, 135
Trd, 2591402.313, 134
Trd, 2591402.396, 136
Trd, 2591402.913, 139
Trd, 2591403.013, 140
Trd, 2591403.463, 132
Trd, 2591404.413, 141
Trd, 2591404.529, 136
Trd, 2591404.646, 140
Trd, 2591405.096, 150
Trd, 2591405.129, 136
Trd, 2591405.696, 136
Trd, 2591405.763, 135
Trd, 2591406.013, 150
Trd, 2591406.196, 134
Trd, 2591406.613, 149
Trd, 2591408.363, 150
Trd, 2591408.963, 150
Trd, 2591409.063, 150
Trd, 2591409.096, 150
Trd, 2591409.396, 150
Trd, 2591410.046, 150
Trd, 2591410.246, 150
Trd, 2591410.346, 150
Trd, 2591410.979, 150
Trd, 2591411.096, 150
Trd, 2591411.363, 150
Trd, 2591411.429, 143
Trd, 2591411.529, 139
Trd, 2591411.563, 132
Trd, 2591412.063, 139
Trd, 2591412.363, 138
Trd, 2591412.529, 147
Trd, 2591413.113, 143
Trd, 2591413.196, 142
Trd, 2591413.646, 146
Trd, 2591414.429, 148
Trd, 2591414.763, 149
Trd, 2591414.846, 135
Trd, 2591415.113, 134
Trd, 2591415.263, 149
Trd, 2591416.629, 150
Trd, 2591417.063, 150
Trd, 2591418.829, 150
Trd, 2591418.896, 150
Trd, 2591419.146, 150
Trd, 2591419.163, 149
Trd, 2591419.529, 141
Trd, 2591420.179, 142
Trd, 2591421.013, 150
Trd, 2591421.113, 150
Trd, 2591421.746, 150
Trd, 2591421.929, 150
Trd, 2591422.596, 150
Trd, 2591422.796, 150
Trd, 2591423.046, 149
Trd, 2591423.229, 146
Trd, 2591423.246, 146
Trd, 2591423.663, 140
Trd, 2591424.013, 146
Trd, 2591424.146, 140
Trd, 2591424.246, 148
Trd, 2591424.413, 139
Trd, 2591424.779, 135
Trd, 2591425.113, 132
Trd, 2591425.196, 131
Trd, 2591425.746, 129
Trd, 2591425.913, 111
Trd, 2591425.929, 147
Trd, 2591426.479, 100
Trd, 2591426.629, 100
Trd, 2591427.429, 100
Trd, 2591427.613, 101
Trd, 2591428.746, 150
Trd, 2591428.846, 150
Trd, 2591429.863, 150
Trd, 2591430.313, 150
Trd, 2591430.479, 150
Trd, 2591430.513, 119
Trd, 2591431.479, 150
Trd, 2591431.546, 150
Trd, 2591431.679, 150
Trd, 2591431.779, 149
Trd, 2591432.879, 150
Trd, 2591433.463, 150
Trd, 2591434.146, 150
Trd, 2591434.729, 150
Trd, 2591435.046, 150
Trd, 2591435.413, 148
Trd, 2591435.446, 142
Trd, 2591436.413, 150
Trd, 2591436.613, 148
Trd, 2591437.379, 150
Trd, 2591438.946, 150
Trd, 2591439.196, 150
Trd, 2591439.513, 150
Trd, 2591439.546, 150
Trd, 2591439.563, 147
Trd, 2591439.696, 114
Trd, 2591439.746, 150
Trd, 2591440.213, 149
Trd, 2591440.413, 149
Trd, 2591440.463, 150
Trd, 2591440.629, 149
Trd, 2591440.763, 149
Trd, 2591440.946, 147
Trd, 2591441.096, 136
Trd, 2591441.146, 117
Trd, 2591441.879, 137
Trd, 2591442.413, 129
Trd, 2591442.463, 137
Trd, 2591442.496, 138
Trd, 2591443.113, 138
Trd, 2591443.129, 128
Trd, 2591443.179, 139
Trd, 2591443.779, 150
Trd, 2591444.396, 150
Trd, 2591444.746, 150
Trd, 2591446.379, 150
Trd, 2591446.896, 150
Trd, 2591446.946, 150
Trd, 2591447.696, 150
Trd, 2591447.946, 150
Trd, 2591448.163, 150
Trd, 2591448.646, 150
Trd, 2591449.029, 150
Trd, 2591449.429, 150
Trd, 2591449.629, 145
Trd, 2591449.929, 144
Trd, 2591450.296, 138
Trd, 2591451.179, 129
Trd, 2591451.546, 133
Trd, 2591452.113, 116
Trd, 2591452.229, 109
Trd, 2591452.446, 131
Trd, 2591452.613, 113
Trd, 2591452.679, 134
Trd, 2591452.896, 134
Trd, 2591452.979, 135
Trd, 2591453.413, 109
Trd, 2591453.663, 109
Trd, 2591453.779, 110
Trd, 2591453.946, 134
Trd, 2591455.013, 132
Trd, 2591455.263, 131
Trd, 2591455.279, 117
Trd, 2591455.413, 131
Trd, 2591455.846, 105
Trd, 2591456.446, 109
Trd, 2591456.463, 110
Trd, 2591456.563, 113
Trd, 2591458.096, 150
Trd, 2591458.379, 150
Trd, 2591458.646, 150
Trd, 2591459.063, 150
Trd, 2591459.546, 150
Trd, 2591459.763, 150
Trd, 2591459.779, 150
Trd, 2591460.396, 150
Trd, 2591461.196, 150
Trd, 2591461.429, 150
Trd, 2591461.496, 150
Trd, 2591461.646, 138
Trd, 2591461.863, 132
Trd, 2591462.229, 103
Trd, 2591462.446, 104
Trd, 2591462.896, 149
Trd, 2591463.846, 100
Trd, 2591463.996, 150
Trd, 2591464.329, 150
Trd, 2591464.746, 108
Trd, 2591465.363, 150
Trd, 2591465.513, 149
Trd, 2591465.963, 150
Trd, 2591466.463, 150
Trd, 2591466.496, 139
Trd, 2591467.129, 141
Trd, 2591467.479, 144
Trd, 2591467.629, 101
Trd, 2591468.846, 121
Trd, 2591469.396, 100
Trd, 2591469.813, 150
Trd, 2591469.863, 138
Trd, 2591470.413, 150
Trd, 2591470.996, 150
Trd, 2591471.679, 150
Trd, 2591471.829, 150
Trd, 2591471.863, 150
Trd, 2591471.996, 149
Trd, 2591472.129, 150
Trd, 2591472.579, 138
Trd, 2591472.713, 138
Trd, 2591473.596, 138
Trd, 2591473.896, 145
Trd, 2591474.296, 141
Trd, 2591474.929, 140
Trd, 2591475.129, 139
Trd, 2591475.329, 133
Trd, 2591475.863, 138
Trd, 2591476.779, 104
Trd, 2591476.829, 106
Trd, 2591477.146, 101
Trd, 2591477.679, 105
Trd, 2591478.046, 148
Trd, 2591478.146, 112
Trd, 2591478.596, 103
Trd, 2591478.779, 133
Trd, 2591479.863, 102
Trd, 2591479.963, 102
Trd, 2591479.979, 104
Trd, 2591480.063, 101
Trd, 2591480.463, 102
Trd, 2591480.863, 104
Trd, 2591480.946, 104
Trd, 2591481.813, 100
Trd, 2591482.113, 100
Trd, 2591482.629, 101
Trd, 2591483.179, 102
Trd, 2591483.996, 102
Trd, 2591484.263, 102
Trd, 2591484.496, 101
Trd, 2591484.813, 133
Trd, 2591485.179, 100
Trd, 2591485.279, 113
Trd, 2591486.196, 100
Trd, 2591486.463, 100
Trd, 2591486.913, 100
Trd, 2591487.029, 100
Trd, 2591487.129, 101
Trd, 2591489.213, 100
Trd, 2591489.579, 101
Trd, 2591489.713, 101
Trd, 2591489.763, 102
Trd, 2591489.829, 101
Trd, 2591489.963, 102
Trd, 2591490.079, 101
Trd, 2591490.746, 107
Trd, 2591492.046, 104
Trd, 2591492.163, 103
Trd, 2591492.346, 102
Trd, 2591492.396, 104
Trd, 2591492.863, 105
Trd, 2591493.063, 103
Trd, 2591494.146, 150
Trd, 2591494.429, 150
Trd, 2591494.829, 150
Trd, 2591494.996, 150
Trd, 2591495.363, 150
Trd, 2591495.946, 150
Trd, 2591495.979, 150
Trd, 2591496.446, 150
Trd, 2591496.513, 148
Trd, 2591496.779, 146
Trd, 2591498.279, 100
Trd, 2591498.646, 100
Trd, 2591499.379, 100
Trd, 2591499.729, 100
Trd, 2591499.879, 101
Trd, 2591500.413, 102
Trd, 2591500.646, 102
Trd, 2591501.296, 134
Trd, 2591501.313, 140
Trd, 2591501.646, 134
Trd, 2591502.113, 149
Trd, 2591502.213, 144
Trd, 2591502.446, 145
Trd, 2591502.596, 150
Trd, 2591502.929, 150
Trd, 2591502.946, 150
Trd, 2591503.046, 150
Trd, 2591503.129, 150
Trd, 2591503.913, 150
Trd, 2591504.113, 145
Trd, 2591505.029, 150
Trd, 2591505.796, 150
Trd, 2591505.813, 150
Trd, 2591505.913, 150
Trd, 2591506.346, 150
Trd, 2591506.496, 150
Trd, 2591506.546, 150
Trd, 2591506.829, 150
Trd, 2591507.896, 150
Trd, 2591509.213, 150
Trd, 2591510.329, 150
Trd, 2591510.413, 150
Trd, 2591510.746, 150
Trd, 2591510.779, 150
Trd, 2591511.129, 149
Trd, 2591511.263, 148
Trd, 2591511.296, 147
Trd, 2591511.529, 147
Trd, 2591511.863, 148
Trd, 2591512.129, 147
Trd, 2591512.163, 146
Trd, 2591512.613, 141
Trd, 2591512.629, 148
Trd, 2591513.096, 141
Trd, 2591513.129, 136
Trd, 2591513.296, 150
Trd, 2591515.346, 150
Trd, 2591515.463, 150
Trd, 2591515.746, 110
Trd, 2591515.996, 145
Trd, 2591516.096, 106
Trd, 2591516.746, 100
Trd, 2591517.213, 100
Trd, 2591517.246, 100
Trd, 2591517.529, 104
Trd, 2591517.879, 128
Trd, 2591518.113, 148
Trd, 2591518.779, 100
Trd, 2591519.746, 101
Trd, 2591519.813, 102
Trd, 2591519.846, 104
Trd, 2591520.029, 101
Trd, 2591520.329, 105
Trd, 2591520.646, 103
Trd, 2591520.929, 104
Trd, 2591521.113, 106
Trd, 2591521.513, 139
Trd, 2591521.713, 103
Trd, 2591521.763, 140
Trd, 2591521.946, 120
Trd, 2591522.113, 141
Trd, 2591522.196, 116
Trd, 2591522.813, 107
Trd, 2591523.096, 132
Trd, 2591523.663, 149
Trd, 2591523.796, 102
Trd, 2591524.079, 150
Trd, 2591525.096, 150
Trd, 2591526.829, 150
Trd, 2591526.863, 150
Trd, 2591527.213, 150
Trd, 2591527.513, 150
Trd, 2591528.046, 150
Trd, 2591529.513, 150
Trd, 2591530.179, 150
Trd, 2591530.796, 150
Trd, 2591530.913, 150
Trd, 2591530.963, 150
Trd, 2591531.396, 150
Trd, 2591531.529, 150
Trd, 2591532.363, 150
Trd, 2591532.463, 148
Trd, 2591532.646, 143
Trd, 2591533.146, 148
Trd, 2591533.229, 148
Trd, 2591533.529, 143
Trd, 2591533.563, 142
Trd, 2591534.129, 141
Trd, 2591534.629, 135
Trd, 2591534.763, 133
Trd, 2591535.029, 130
Trd, 2591535.163, 132
Trd, 2591535.179, 129
Trd, 2591535.229, 105
Trd, 2591535.563, 134
Trd, 2591535.963, 139
Trd, 2591536.613, 138
Trd, 2591536.679, 141
Trd, 2591537.046, 141
Trd, 2591537.096, 142
Trd, 2591537.479, 115
Trd, 2591538.896, 119
Trd, 2591539.113, 119
Trd, 2591539.146, 115
Trd, 2591540.046, 150
Trd, 2591540.413, 149
Trd, 2591540.679, 148
Trd, 2591541.313, 150
Trd, 2591543.329, 150
Trd, 2591543.379, 150
Trd, 2591543.446, 150
Trd, 2591543.479, 150
Trd, 2591543.663, 150
Trd, 2591543.713, 148
Trd, 2591544.013, 149
Trd, 2591544.096, 138
Trd, 2591544.129, 149
Trd, 2591544.179, 137
Trd, 2591544.429, 150
Trd, 2591544.746, 150
Trd, 2591545.046, 150
Trd, 2591545.196, 127
Trd, 2591545.779, 150
Trd, 2591545.996, 150
Trd, 2591546.396, 150
Trd, 2591546.496, 150
Trd, 2591547.229, 150
Trd, 2591547.513, 149
Trd, 2591547.996, 150
Trd, 2591548.296, 150
Trd, 2591548.429, 150
Trd, 2591549.296, 150
Trd, 2591550.779, 148
Trd, 2591550.996, 146
Trd, 2591551.013, 140
Trd, 2591551.063, 135
Trd, 2591551.829, 150
Trd, 2591551.963, 149
Trd, 2591552.379, 148
Trd, 2591552.463, 144
Trd, 2591552.496, 124
Trd, 2591552.563, 149
Trd, 2591552.979, 140
Trd, 2591553.029, 148
Trd, 2591553.229, 111
Trd, 2591553.379, 150
Trd, 2591554.129, 150
Trd, 2591554.563, 150
Trd, 2591554.846, 148
Trd, 2591556.029, 100
Trd, 2591556.163, 100
Trd, 2591556.196, 101
Trd, 2591556.729, 101
Trd, 2591556.779, 102
Trd, 2591556.896, 101
Trd, 2591557.096, 101
Trd, 2591557.246, 100
Trd, 2591557.513, 100
Trd, 2591558.679, 100
Trd, 2591558.729, 100
Trd, 2591558.746, 100
Trd, 2591559.446, 102
Trd, 2591559.629, 103
Trd, 2591560.513, 102
Trd, 2591560.813, 142
Trd, 2591561.279, 150
Trd, 2591562.046, 144
Trd, 2591562.663, 143
Trd, 2591562.679, 138
Trd, 2591563.763, 150
Trd, 2591563.929, 150
Trd, 2591564.363, 148
Trd, 2591564.596, 147
Trd, 2591564.896, 137
Trd, 2591565.479, 113
Trd, 2591565.496, 109
Trd, 2591566.129, 109
Trd, 2591566.263, 109
Trd, 2591566.496, 106
Trd, 2591567.096, 101
Trd, 2591567.213, 108
Trd, 2591567.513, 109
Trd, 2591567.746, 107
Trd, 2591568.729, 100
Trd, 2591569.346, 100
Trd, 2591570.496, 100
Trd, 2591570.546, 100
Trd, 2591570.679, 100
Trd, 2591570.779, 100
Trd, 2591571.329, 101
Trd, 2591571.346, 102
Trd, 2591571.679, 101
Trd, 2591571.813, 149
Trd, 2591572.013, 150
Trd, 2591572.096, 150
Trd, 2591572.946, 150
Trd, 2591573.529, 150
Trd, 2591573.713, 150
Trd, 2591576.596, 150
Trd, 2591576.763, 150
Trd, 2591577.279, 150
Trd, 2591578.229, 150
Trd, 2591578.896, 150
Trd, 2591578.963, 150
Trd, 2591579.596, 150
Trd, 2591580.013, 150
Trd, 2591580.146, 150
Trd, 2591580.196, 150
Trd, 2591580.279, 150
Trd, 2591580.346, 149
Trd, 2591580.546, 150
Trd, 2591581.213, 149
Trd, 2591581.263, 149
Trd, 2591581.679, 149
Trd, 2591581.829, 147
Trd, 2591581.879, 147
Trd, 2591581.963, 119
Trd, 2591582.096, 117
Trd, 2591582.279, 116
Trd, 2591582.396, 130
Trd, 2591583.646, 100
Trd, 2591583.879, 100
Trd, 2591583.996, 100
Trd, 2591584.446, 102
Trd, 2591585.179, 119
Trd, 2591585.213, 146
Trd, 2591585.796, 111
Trd, 2591586.079, 138
Trd, 2591586.246, 131
Trd, 2591586.429, 131
Trd, 2591586.963, 134
Trd, 2591587.779, 143
Trd, 2591588.513, 150
Trd, 2591588.896, 150
Trd, 2591589.079, 150
Trd, 2591589.163, 150
Trd, 2591589.546, 150
Trd, 2591590.263, 150
Trd, 2591590.313, 150
Trd, 2591591.013, 149
Trd, 2591591.029, 148
Trd, 2591591.279, 143
Trd, 2591591.529, 138
Trd, 2591591.579, 137
Trd, 2591592.396, 150
Trd, 2591592.479, 150
Trd, 2591593.396, 126
Trd, 2591593.946, 143
Trd, 2591594.963, 150
Trd, 2591595.413, 150
Trd, 2591596.279, 150
Trd, 2591596.663, 150
Trd, 2591596.829, 150
Trd, 2591597.313, 150
Trd, 2591597.363, 150
Trd, 2591597.463, 149
Trd, 2591597.679, 149
Trd, 2591597.713, 150
Trd, 2591598.529, 150
Trd, 2591599.446, 150
Trd, 2591599.529, 150
Trd, 2591599.696, 150
Trd, 2591599.963, 150
Trd, 2591600.829, 150
Trd, 2591601.563, 150
Trd, 2591601.679, 150
Trd, 2591601.696, 149
Trd, 2591602.496, 149
Trd, 2591602.579, 143
Trd, 2591602.646, 138
Trd, 2591603.046, 131
Trd, 2591603.963, 145
Trd, 2591604.346, 145
Trd, 2591604.563, 143
Trd, 2591605.679, 135
Trd, 2591605.913, 139
Trd, 2591606.513, 131
Trd, 2591606.579, 129
Trd, 2591607.129, 135
Trd, 2591607.313, 124
Trd, 2591607.713, 136
Trd, 2591607.929, 136
Trd, 2591607.979, 123
Trd, 2591608.113, 107
Trd, 2591608.729, 104
Trd, 2591608.763, 142
Trd, 2591609.063, 100
Trd, 2591609.346, 114
Trd, 2591609.663, 111
Trd, 2591610.579, 150
Trd, 2591611.329, 150
Trd, 2591612.063, 150
Trd, 2591612.113, 149
Trd, 2591612.496, 150
Trd, 2591612.863, 150
Trd, 2591613.196, 150
Trd, 2591613.646, 150
Trd, 2591614.096, 147
Trd, 2591614.446, 149
Trd, 2591614.646, 148
Trd, 2591614.846, 143
Trd, 2591614.963, 104
Trd, 2591615.329, 102
Trd, 2591615.629, 144
Trd, 2591615.713, 128
Trd, 2591615.946, 106
Trd, 2591616.296, 144
Trd, 2591616.563, 106
Trd, 2591617.013, 123
Trd, 2591617.113, 146
Trd, 2591617.379, 146
Trd, 2591617.596, 109
Trd, 2591617.696, 107
Trd, 2591617.929, 105
Trd, 2591618.496, 104
Trd, 2591618.513, 105
Trd, 2591618.863, 138
Trd, 2591619.496, 132
Trd, 2591619.563, 120
Trd, 2591620.046, 120
Trd, 2591620.079, 133
Trd, 2591621.479, 135
Trd, 2591621.646, 136
Trd, 2591622.346, 128
Trd, 2591622.746, 123
Trd, 2591623.579, 149
Trd, 2591624.446, 150
Trd, 2591624.879, 150
Trd, 2591624.896, 150
Trd, 2591624.963, 150
Trd, 2591625.063, 150
Trd, 2591625.596, 150
Trd, 2591625.963, 150
Trd, 2591626.063, 150
Trd, 2591626.246, 149
Trd, 2591626.413, 148
Trd, 2591626.679, 148
Trd, 2591626.863, 147
Trd, 2591627.263, 143
Trd, 2591627.463, 139
Trd, 2591627.563, 136
Trd, 2591627.579, 149
Trd, 2591627.813, 103
Trd, 2591627.979, 100
Trd, 2591628.113, 101
Trd, 2591629.479, 148
Trd, 2591630.646, 148
Trd, 2591631.446, 111
Trd, 2591631.579, 118
Trd, 2591631.863, 103
Trd, 2591632.513, 103
Trd, 2591633.029, 100
Trd, 2591633.079, 101
Trd, 2591634.029, 101
Trd, 2591634.579, 100
Trd, 2591634.679, 100
Trd, 2591634.813, 100
Trd, 2591636.179, 100
Trd, 2591636.196, 100
Trd, 2591636.546, 101
Trd, 2591636.663, 103
Trd, 2591637.046, 105
Trd, 2591637.279, 106
Trd, 2591637.479, 107
Trd, 2591637.529, 111
Trd, 2591637.846, 116
Trd, 2591638.313, 103
Trd, 2591639.213, 101
Trd, 2591639.513, 100
Trd, 2591639.679, 100
Trd, 2591640.996, 100
Trd, 2591641.279, 100
Trd, 2591641.346, 100
Trd, 2591641.396, 103
Trd, 2591641.629, 102
Trd, 2591641.896, 101
Trd, 2591643.013, 101
Trd, 2591643.329, 102
Trd, 2591643.496, 102
Trd, 2591643.629, 103
Trd, 2591643.663, 103
Trd, 2591643.779, 105
Trd, 2591644.963, 108
Trd, 2591645.079, 120
Trd, 2591645.263, 121
Trd, 2591646.146, 115
Trd, 2591646.279, 115
Trd, 2591646.313, 115
Trd, 2591646.579, 114
Trd, 2591646.729, 106
Trd, 2591647.713, 100
Trd, 2591648.163, 100
Trd, 2591648.946, 100
Trd, 2591649.229, 100
Trd, 2591650.046, 101
Trd, 2591650.146, 104
Trd, 2591650.546, 100
Trd, 2591650.813, 100
Trd, 2591651.246, 101
Trd, 2591652.146, 100
Trd, 2591652.446, 103
Trd, 2591652.513, 104
Trd, 2591652.563, 108
Trd, 2591652.763, 108
Trd, 2591652.963, 110
Trd, 2591653.379, 130
Trd, 2591653.779, 150
Trd, 2591653.813, 150
Trd, 2591653.963, 149
Trd, 2591656.213, 146
Trd, 2591657.196, 150
Trd, 2591657.613, 150
Trd, 2591657.629, 150
Trd, 2591658.546, 150
Trd, 2591659.646, 150
Trd, 2591659.763, 150
Trd, 2591659.913, 150
Trd, 2591660.113, 150
Trd, 2591660.496, 149
Trd, 2591660.846, 148
Trd, 2591661.013, 149
Trd, 2591661.196, 149
Trd, 2591661.479, 148
Trd, 2591661.679, 145
Trd, 2591661.996, 147
Trd, 2591662.079, 148
Trd, 2591662.096, 137
Trd, 2591662.263, 133
Trd, 2591662.679, 147
Trd, 2591662.813, 144
Trd, 2591662.913, 149
Trd, 2591662.946, 140
Trd, 2591663.563, 117
Trd, 2591663.796, 147
Trd, 2591663.896, 149
Trd, 2591663.913, 146
Trd, 2591664.213, 139
Trd, 2591664.629, 150
Trd, 2591665.363, 150
Trd, 2591665.813, 150
Trd, 2591665.879, 150
Trd, 2591666.579, 150
Trd, 2591666.779, 150
Trd, 2591667.113, 148
Trd, 2591667.246, 150
Trd, 2591667.896, 150
Trd, 2591667.913, 143
Trd, 2591668.679, 150
Trd, 2591669.846, 145
Trd, 2591670.146, 149
Trd, 2591670.263, 145
Trd, 2591671.363, 147
Trd, 2591671.863, 149
Trd, 2591672.046, 150
Trd, 2591672.296, 149
Trd, 2591672.863, 144
Trd, 2591673.279, 133
Trd, 2591673.629, 132
Trd, 2591673.796, 131
Trd, 2591673.813, 132
Trd, 2591674.046, 123
Trd, 2591674.363, 131
Trd, 2591674.579, 128
Trd, 2591674.679, 130
Trd, 2591674.763, 116
Trd, 2591674.829, 131
Trd, 2591675.046, 105
Trd, 2591676.979, 100
Trd, 2591677.013, 101
Trd, 2591677.346, 105
Trd, 2591677.479, 100
Trd, 2591677.796, 104
Trd, 2591678.246, 104
Trd, 2591678.396, 105
Trd, 2591678.829, 106
Trd, 2591678.863, 102
Trd, 2591678.879, 113
Trd, 2591679.629, 100
Trd, 2591680.079, 101
Trd, 2591680.979, 100
Trd, 2591681.396, 100
Trd, 2591681.646, 100
Trd, 2591681.779, 101
Trd, 2591682.479, 108
Trd, 2591682.763, 100
Trd, 2591683.413, 107
Trd, 2591684.246, 100
Trd, 2591684.346, 100
Trd, 2591684.913, 100
Trd, 2591684.929, 101
Trd, 2591684.996, 103
Trd, 2591685.713, 100
Trd, 2591685.896, 100
Trd, 2591686.063, 102
Trd, 2591686.229, 102
Trd, 2591686.446, 150
Trd, 2591686.513, 150
Trd, 2591686.813, 150
Trd, 2591687.813, 150
Trd, 2591688.179, 150
Trd, 2591689.146, 150
Trd, 2591689.246, 150
Trd, 2591689.763, 150
Trd, 2591690.163, 150
Trd, 2591690.379, 150
Trd, 2591690.629, 150
Trd, 2591690.896, 150
Trd, 2591691.179, 150
Trd, 2591692.446, 150
Trd, 2591693.613, 147
Trd, 2591694.179, 145
Trd, 2591694.313, 139
Trd, 2591694.413, 150
Trd, 2591694.546, 135
Trd, 2591695.696, 150
Trd, 2591695.829, 150
Trd, 2591695.963, 150
Trd, 2591696.713, 150
Trd, 2591696.746, 150
Trd, 2591696.913, 150
Trd, 2591697.196, 150
Trd, 2591697.896, 150
Trd, 2591698.279, 146
Trd, 2591698.429, 140
Trd, 2591699.146, 148
Trd, 2591699.596, 139
Trd, 2591700.746, 148
Trd, 2591700.946, 150
Trd, 2591700.979, 148
Trd, 2591701.646, 150
Trd, 2591701.896, 149
Trd, 2591702.596, 139
Trd, 2591702.829, 138
Trd, 2591703.463, 148
Trd, 2591703.546, 147
Trd, 2591703.729, 138
Trd, 2591703.879, 146
Trd, 2591703.913, 124
Trd, 2591704.396, 146
Trd, 2591704.429, 136
Trd, 2591704.979, 121
Trd, 2591705.213, 139
Trd, 2591705.329, 121
Trd, 2591705.596, 126
Trd, 2591706.079, 137
Trd, 2591706.213, 137
Trd, 2591706.829, 147
Trd, 2591707.813, 150
Trd, 2591708.163, 150
Trd, 2591708.896, 150
Trd, 2591709.046, 150
Trd, 2591709.079, 149
Trd, 2591710.063, 137
Trd, 2591710.596, 129
Trd, 2591711.479, 146
Trd, 2591711.646, 145
Trd, 2591711.829, 142
Trd, 2591712.479, 148
Trd, 2591712.613, 143
Trd, 2591713.613, 150
Trd, 2591713.746, 150
Trd, 2591714.063, 150
Trd, 2591714.329, 150
Trd, 2591714.863, 150
Trd, 2591715.013, 150
Trd, 2591715.413, 150
Trd, 2591715.479, 142
Trd, 2591715.629, 103
Trd, 2591716.213, 145
Trd, 2591717.546, 142
Trd, 2591717.663, 123
Trd, 2591718.396, 119
Trd, 2591718.546, 119
Trd, 2591718.813, 117
Trd, 2591718.913, 115
Trd, 2591719.229, 117
Trd, 2591720.329, 131
Trd, 2591720.613, 131
Trd, 2591720.979, 150
Trd, 2591721.313, 133
Trd, 2591721.629, 149
Trd, 2591722.363, 145
Trd, 2591722.513, 147
Trd, 2591722.779, 147
Trd, 2591722.996, 149
Trd, 2591723.346, 146
Trd, 2591723.463, 146
Trd, 2591724.979, 150
Trd, 2591725.679, 150
Trd, 2591725.896, 150
Trd, 2591726.346, 150
Trd, 2591726.429, 150
Trd, 2591726.679, 150
Trd, 2591727.179, 149
Trd, 2591727.546, 149
Trd, 2591728.129, 147
Trd, 2591728.213, 148
Trd, 2591728.596, 139
Trd, 2591728.713, 146
Trd, 2591728.746, 148
Trd, 2591729.813, 147
Trd, 2591730.729, 129
Trd, 2591731.013, 150
Trd, 2591731.146, 138
Trd, 2591732.529, 150
Trd, 2591732.596, 150
Trd, 2591732.813, 150
Trd, 2591733.063, 150
Trd, 2591733.279, 150
Trd, 2591733.446, 149
Trd, 2591734.496, 150
Trd, 2591734.596, 150
Trd, 2591734.963, 150
Trd, 2591736.063, 150
Trd, 2591736.096, 150
Trd, 2591736.179, 149
Trd, 2591736.246, 148
Trd, 2591736.579, 144
Trd, 2591736.646, 144
Trd, 2591736.846, 143
Trd, 2591736.863, 149
Trd, 2591737.629, 149
Trd, 2591738.079, 133
Trd, 2591739.513, 140
Trd, 2591739.646, 139
Trd, 2591740.279, 137
Trd, 2591740.429, 139
Trd, 2591741.063, 110
Trd, 2591741.279, 111
Trd, 2591741.429, 106
Trd, 2591741.879, 107
Trd, 2591742.379, 139
Trd, 2591742.546, 116
Trd, 2591742.663, 140
Trd, 2591742.996, 127
Trd, 2591743.529, 150
Trd, 2591743.563, 149
Trd, 2591743.696, 145
Trd, 2591743.896, 138
Trd, 2591743.963, 126
Trd, 2591745.746, 142
Trd, 2591746.379, 134
Trd, 2591747.179, 149
Trd, 2591748.013, 150
Trd, 2591748.413, 150
Trd, 2591748.479, 149
Trd, 2591748.679, 149
Trd, 2591748.763, 129
Trd, 2591748.813, 129
Trd, 2591748.913, 125
Trd, 2591748.929, 125
Trd, 2591749.313, 125
Trd, 2591749.513, 124
Trd, 2591749.829, 105
Trd, 2591750.013, 105
Trd, 2591750.629, 105
Trd, 2591751.096, 105
Trd, 2591751.496, 106
Trd, 2591752.113, 106
Trd, 2591752.296, 111
Trd, 2591753.329, 150
Trd, 2591753.913, 150
Trd, 2591754.129, 150
Trd, 2591754.179, 150
Trd, 2591754.479, 150
Trd, 2591755.379, 150
Trd, 2591755.629, 150
Trd, 2591756.196, 150
Trd, 2591756.663, 145
Trd, 2591756.913, 145
Trd, 2591757.013, 146
Trd, 2591757.146, 139
Trd, 2591757.279, 133
Trd, 2591757.863, 111
Trd, 2591757.929, 107
Trd, 2591757.979, 112
Trd, 2591758.596, 106
Trd, 2591759.329, 106
Trd, 2591759.679, 100
Trd, 2591759.979, 102
Trd, 2591760.713, 100
Trd, 2591761.013, 100
Trd, 2591761.046, 100
Trd, 2591761.113, 102
Trd, 2591761.296, 110
Trd, 2591761.463, 100
Trd, 2591761.679, 108
Trd, 2591761.746, 122
Trd, 2591762.496, 150
Trd, 2591763.979, 150
Trd, 2591764.196, 150
Trd, 2591765.746, 150
Trd, 2591766.646, 150
Trd, 2591767.479, 150
Trd, 2591768.546, 150
Trd, 2591768.679, 150
Trd, 2591768.946, 150
Trd, 2591769.046, 150
Trd, 2591769.479, 150
Trd, 2591769.513, 150
Trd, 2591770.229, 150
Trd, 2591770.379, 150
Trd, 2591771.479, 150
Trd, 2591771.729, 150
Trd, 2591771.896, 150
Trd, 2591772.196, 150
Trd, 2591772.279, 150
Trd, 2591772.946, 150
Trd, 2591773.879, 150
Trd, 2591773.996, 150
Trd, 2591774.096, 150
Trd, 2591774.113, 150
Trd, 2591774.363, 149
Trd, 2591774.429, 143
Trd, 2591774.679, 150
Trd, 2591775.279, 150
Trd, 2591775.413, 149
Trd, 2591775.663, 148
Trd, 2591775.763, 147
Trd, 2591776.279, 148
Trd, 2591776.413, 147
Trd, 2591776.729, 131
Trd, 2591777.029, 148
Trd, 2591777.513, 142
Trd, 2591777.879, 130
Trd, 2591778.179, 117
Trd, 2591778.596, 146
Trd, 2591778.779, 147
Trd, 2591779.196, 145
Trd, 2591780.229, 124
Trd, 2591780.479, 124
Trd, 2591780.646, 144
Trd, 2591781.013, 143
Trd, 2591781.029, 144
Trd, 2591781.113, 125
Trd, 2591782.613, 149
Trd, 2591782.696, 148
Trd, 2591782.746, 147
Trd, 2591783.046, 146
Trd, 2591783.129, 146
Trd, 2591783.346, 145
Trd, 2591783.513, 147
Trd, 2591783.963, 146
Trd, 2591784.096, 147
Trd, 2591784.696, 138
Trd, 2591785.329, 106
Trd, 2591786.346, 148
Trd, 2591786.429, 125
Trd, 2591786.746, 126
Trd, 2591788.563, 150
Trd, 2591788.813, 150
Trd, 2591789.013, 150
Trd, 2591789.246, 150
Trd, 2591789.379, 149
Trd, 2591789.863, 148
Trd, 2591790.029, 117
Trd, 2591791.263, 100
Trd, 2591791.279, 100
Trd, 2591791.379, 100
Trd, 2591791.479, 100
Trd, 2591791.729, 100
Trd, 2591791.829, 102
Trd, 2591792.179, 100
Trd, 2591792.296, 101
Trd, 2591792.396, 102
Trd, 2591792.846, 102
Trd, 2591793.046, 104
Trd, 2591793.179, 106
Trd, 2591793.929, 100
Trd, 2591793.996, 100
Trd, 2591794.696, 100
Trd, 2591794.746, 100
Trd, 2591794.929, 108
Trd, 2591795.729, 150
Trd, 2591795.846, 149
Trd, 2591796.146, 107
Trd, 2591796.463, 150
Trd, 2591796.529, 150
Trd, 2591797.129, 150
Trd, 2591797.296, 150
Trd, 2591797.446, 150
Trd, 2591798.713, 150
Trd, 2591799.429, 102
Trd, 2591799.929, 103
Trd, 2591800.429, 134
Trd, 2591801.396, 150
Trd, 2591801.579, 150
Trd, 2591801.729, 150
Trd, 2591801.879, 150
Trd, 2591801.896, 149
Trd, 2591802.146, 112
Trd, 2591802.879, 147
Trd, 2591802.946, 126
Trd, 2591802.963, 148
Trd, 2591803.129, 108
Trd, 2591803.213, 107
Trd, 2591803.529, 150
Trd, 2591803.713, 131
Trd, 2591804.613, 100
Trd, 2591804.763, 100
Trd, 2591804.879, 101
Trd, 2591805.429, 100
Trd, 2591806.646, 100
Trd, 2591806.713, 100
Trd, 2591806.963, 100
Trd, 2591808.113, 100
Trd, 2591808.596, 101
Trd, 2591808.613, 103
Trd, 2591808.896, 105
Trd, 2591808.963, 107
Trd, 2591809.329, 109
Trd, 2591809.463, 106
Trd, 2591809.513, 105
Trd, 2591809.713, 107
Trd, 2591809.996, 108
Trd, 2591810.196, 110
Trd, 2591810.246, 108
Trd, 2591810.796, 113
Trd, 2591811.029, 149
Trd, 2591811.729, 128
Trd, 2591811.929, 114
Trd, 2591812.063, 113
Trd, 2591813.746, 149
Trd, 2591814.763, 149
Trd, 2591815.529, 149
Trd, 2591815.796, 142
Trd, 2591815.996, 132
Trd, 2591816.063, 130
Trd, 2591816.946, 145
Trd, 2591817.196, 104
Trd, 2591818.063, 110
Trd, 2591818.279, 109
Trd, 2591818.329, 110
Trd, 2591818.479, 111
Trd, 2591820.229, 150
Trd, 2591820.429, 150
Trd, 2591820.646, 149
Trd, 2591820.696, 149
Trd, 2591821.079, 148
Trd, 2591821.396, 150
Trd, 2591821.696, 150
Trd, 2591822.096, 150
Trd, 2591822.196, 150
Trd, 2591822.246, 150
Trd, 2591823.179, 150
Trd, 2591823.229, 150
Trd, 2591823.529, 150
Trd, 2591823.596, 143
Trd, 2591823.746, 136
Trd, 2591823.813, 127
Trd, 2591823.979, 111
Trd, 2591824.363, 149
Trd, 2591824.846, 149
Trd, 2591825.146, 150
Trd, 2591825.296, 149
Trd, 2591825.579, 138
Trd, 2591825.729, 142
Trd, 2591826.196, 147
Trd, 2591826.363, 132
Trd, 2591826.713, 149
Trd, 2591827.346, 119
Trd, 2591827.379, 118
Trd, 2591827.413, 115
Trd, 2591827.596, 108
Trd, 2591828.696, 142
Trd, 2591829.029, 145
Trd, 2591829.646, 150
Trd, 2591829.713, 150
Trd, 2591829.979, 100
Trd, 2591830.079, 100
Trd, 2591830.763, 100
Trd, 2591831.813, 100
Trd, 2591832.029, 100
Trd, 2591832.113, 100
Trd, 2591832.479, 100
Trd, 2591832.663, 101
Trd, 2591833.379, 101
Trd, 2591833.513, 101
Trd, 2591833.613, 104
Trd, 2591833.629, 105
Trd, 2591833.896, 148
Trd, 2591834.213, 100
Trd, 2591834.613, 100
Trd, 2591834.679, 100
Trd, 2591834.729, 100
Trd, 2591834.829, 105
Trd, 2591837.679, 100
Trd, 2591837.746, 101
Trd, 2591838.279, 101
Trd, 2591838.429, 103
Trd, 2591838.496, 102
Trd, 2591839.046, 101
Trd, 2591839.096, 101
Trd, 2591839.196, 102
Trd, 2591839.813, 100
Trd, 2591840.013, 101
Trd, 2591840.296, 105
Trd, 2591841.279, 102
Trd, 2591841.379, 104
Trd, 2591841.579, 100
Trd, 2591841.846, 105
Trd, 2591842.429, 147
Trd, 2591843.029, 107
Trd, 2591843.346, 132
Trd, 2591843.679, 133
Trd, 2591844.446, 114
Trd, 2591844.479, 114
Trd, 2591844.579, 115
Trd, 2591844.746, 137
Trd, 2591845.196, 150
Trd, 2591845.446, 148
Trd, 2591846.496, 150
Trd, 2591846.913, 150
Trd, 2591847.713, 150
Trd, 2591847.746, 148
Trd, 2591847.929, 144
Trd, 2591848.913, 149
Trd, 2591848.996, 149
Trd, 2591850.046, 150
Trd, 2591851.046, 150
Trd, 2591851.279, 150
Trd, 2591851.629, 148
Trd, 2591851.646, 150
Trd, 2591852.063, 149
Trd, 2591852.113, 150
Trd, 2591852.196, 148
Trd, 2591852.479, 150
Trd, 2591853.263, 139
Trd, 2591853.696, 122
Trd, 2591854.013, 120
Trd, 2591854.146, 121
Trd, 2591854.829, 109
Trd, 2591854.896, 108
Trd, 2591855.096, 109
Trd, 2591855.196, 110
Trd, 2591855.346, 108
Trd, 2591855.613, 107
Trd, 2591855.646, 101
Trd, 2591856.096, 111
Trd, 2591856.129, 112
Trd, 2591856.396, 115
Trd, 2591857.313, 150
Trd, 2591858.146, 150
Trd, 2591858.329, 149
Trd, 2591859.229, 150
Trd, 2591859.596, 150
Trd, 2591859.729, 150
Trd, 2591861.096, 150
Trd, 2591861.429, 149
Trd, 2591861.529, 142
Trd, 2591861.579, 123
Trd, 2591861.696, 128
Trd, 2591861.746, 124
Trd, 2591862.046, 128
Trd, 2591862.246, 123
Trd, 2591862.263, 129
Trd, 2591862.963, 103
Trd, 2591863.463, 103
Trd, 2591863.796, 106
Trd, 2591863.979, 107
Trd, 2591864.013, 103
Trd, 2591864.246, 101
Trd, 2591865.496, 150
Trd, 2591865.929, 150
Trd, 2591866.013, 150
Trd, 2591866.029, 150
Trd, 2591867.163, 149
Trd, 2591868.613, 150
Trd, 2591869.713, 150
Trd, 2591869.746, 150
Trd, 2591870.396, 150
Trd, 2591870.679, 150
Trd, 2591871.579, 150
Trd, 2591872.013, 150
Trd, 2591872.129, 150
Trd, 2591872.446, 150
Trd, 2591873.046, 150
Trd, 2591873.313, 143
Trd, 2591873.363, 145
Trd, 2591873.429, 140
Trd, 2591873.446, 146
Trd, 2591874.079, 143
Trd, 2591874.529, 138
Trd, 2591874.546, 137
Trd, 2591874.563, 136
Trd, 2591874.579, 141
Trd, 2591875.313, 139
Trd, 2591875.346, 140
Trd, 2591876.129, 117
Trd, 2591876.196, 136
Trd, 2591876.263, 137
Trd, 2591876.796, 103
Trd, 2591877.046, 100
Trd, 2591877.329, 100
Trd, 2591877.546, 102
Trd, 2591877.796, 103
Trd, 2591878.379, 101
Trd, 2591880.496, 100
Trd, 2591880.729, 100
Trd, 2591880.779, 100
Trd, 2591880.813, 100
Trd, 2591881.796, 100
Trd, 2591882.996, 100
Trd, 2591883.046, 100
Trd, 2591883.063, 100
Trd, 2591883.713, 100
Trd, 2591883.963, 101
Trd, 2591884.013, 103
Trd, 2591884.179, 100
Trd, 2591884.279, 100
Trd, 2591884.613, 100
Trd, 2591884.946, 101
Trd, 2591885.229, 105
Trd, 2591885.313, 101
Trd, 2591885.996, 100
Trd, 2591886.229, 100
Trd, 2591886.729, 100
Trd, 2591887.213, 101
Trd, 2591887.279, 101
Trd, 2591887.913, 101
Trd, 2591888.229, 100
Trd, 2591889.463, 100
Trd, 2591889.496, 100
Trd, 2591889.779, 101
Trd, 2591890.129, 101
Trd, 2591890.196, 100
Trd, 2591890.629, 100
Trd, 2591890.979, 102
Trd, 2591891.346, 102
Trd, 2591892.079, 104
Trd, 2591892.229, 100
Trd, 2591892.563, 105
Trd, 2591893.246, 131
Trd, 2591893.996, 148
Trd, 2591894.296, 107
Trd, 2591894.463, 122
Trd, 2591895.796, 150
Trd, 2591895.896, 150
Trd, 2591896.229, 150
Trd, 2591896.263, 150
Trd, 2591896.396, 150
Trd, 2591896.513, 150
Trd, 2591896.529, 149
Trd, 2591897.146, 150
Trd, 2591897.363, 150
Trd, 2591897.513, 149
Trd, 2591898.029, 150
Trd, 2591898.696, 148
Trd, 2591899.496, 148
Trd, 2591900.196, 143
Trd, 2591900.363, 144
Trd, 2591901.929, 143
Trd, 2591902.979, 135
Trd, 2591903.296, 143
Trd, 2591903.329, 143
Trd, 2591903.913, 138
Trd, 2591903.929, 137
Trd, 2591903.996, 142
Trd, 2591904.229, 141
Trd, 2591904.263, 134
Trd, 2591904.446, 142
Trd, 2591904.679, 123
Trd, 2591904.996, 142
Trd, 2591905.246, 135
Trd, 2591905.379, 100
Trd, 2591905.479, 102
Trd, 2591906.129, 100
Trd, 2591906.313, 100
Trd, 2591906.729, 100
Trd, 2591907.129, 102
Trd, 2591907.346, 100
Trd, 2591908.179, 101
Trd, 2591908.796, 103
Trd, 2591908.813, 103
Trd, 2591909.046, 103
Trd, 2591909.496, 103
Trd, 2591909.596, 104
Trd, 2591909.813, 103
Trd, 2591910.063, 149
Trd, 2591910.346, 100
Trd, 2591910.363, 101
Trd, 2591912.163, 101
Trd, 2591912.696, 101
Trd, 2591912.863, 102
Trd, 2591913.096, 104
Trd, 2591914.679, 125
Trd, 2591914.829, 125
Trd, 2591914.913, 124
Trd, 2591915.063, 124
Trd, 2591915.563, 122
Trd, 2591915.796, 141
Trd, 2591915.879, 142
Trd, 2591916.279, 138
Trd, 2591917.163, 150
Trd, 2591917.363, 144
Trd, 2591919.513, 150
Trd, 2591919.813, 150
Trd, 2591919.996, 150
Trd, 2591920.396, 150
Trd, 2591920.929, 150
Trd, 2591921.013, 150
Trd, 2591921.213, 150
Trd, 2591922.296, 150
Trd, 2591922.329, 149
Trd, 2591922.996, 150
Trd, 2591923.013, 150
Trd, 2591923.546, 149
Trd, 2591923.929, 145
Trd, 2591924.413, 145
Trd, 2591925.996, 150
Trd, 2591926.496, 149
Trd, 2591926.513, 146
Trd, 2591926.979, 140
Trd, 2591927.113, 137
Trd, 2591928.113, 140
Trd, 2591928.446, 127
Trd, 2591928.813, 137
Trd, 2591929.063, 120
Trd, 2591929.329, 119
Trd, 2591929.496, 135
Trd, 2591929.579, 137
Trd, 2591929.929, 136
Trd, 2591931.079, 127
Trd, 2591931.529, 149
Trd, 2591931.713, 149
Trd, 2591932.079, 150
Trd, 2591932.179, 149
Trd, 2591932.313, 143
Trd, 2591932.713, 150
Trd, 2591932.946, 150
Trd, 2591933.163, 150
Trd, 2591933.246, 149
Trd, 2591934.229, 149
Trd, 2591934.746, 150
Trd, 2591934.996, 149
Trd, 2591935.579, 149
Trd, 2591936.379, 150
Trd, 2591936.663, 150
Trd, 2591936.846, 150
Trd, 2591936.929, 150
Trd, 2591937.163, 149
Trd, 2591937.513, 102
Trd, 2591937.946, 103
Trd, 2591938.063, 132
Trd, 2591938.379, 149
Trd, 2591938.729, 104
Trd, 2591938.813, 114
Trd, 2591939.113, 104
Trd, 2591940.163, 136
Trd, 2591941.179, 110
Trd, 2591941.529, 111
Trd, 2591941.746, 139
Trd, 2591943.546, 103
Trd, 2591943.646, 108
Trd, 2591944.179, 100
Trd, 2591944.346, 100
Trd, 2591944.596, 100
Trd, 2591944.796, 100
Trd, 2591945.363, 100
Trd, 2591945.746, 100
Trd, 2591946.179, 100
Trd, 2591947.179, 100
Trd, 2591947.279, 100
Trd, 2591947.346, 100
Trd, 2591947.646, 102
Trd, 2591947.696, 102
Trd, 2591947.796, 102
Trd, 2591948.329, 101
Trd, 2591950.246, 100
Trd, 2591950.346, 100
Trd, 2591950.963, 100
Trd, 2591951.079, 100
Trd, 2591951.263, 100
Trd, 2591951.929, 100
Trd, 2591953.313, 100
Trd, 2591953.346, 100
Trd, 2591953.479, 102
Trd, 2591953.913, 102
Trd, 2591953.963, 103
Trd, 2591954.179, 108
Trd, 2591954.779, 106
Trd, 2591954.813, 105
Trd, 2591954.846, 104
Trd, 2591954.963, 106
Trd, 2591955.479, 102
Trd, 2591955.513, 103
Trd, 2591955.663, 103
Trd, 2591955.979, 101
Trd, 2591956.229, 103
Trd, 2591956.629, 103
Trd, 2591956.796, 104
Trd, 2591957.863, 103
Trd, 2591958.396, 101
Trd, 2591958.863, 100
Trd, 2591959.596, 100
Trd, 2591960.013, 100
Trd, 2591960.063, 103
Trd, 2591960.846, 103
Trd, 2591961.329, 100
Trd, 2591961.396, 101
Trd, 2591961.479, 104
Trd, 2591961.929, 110
Trd, 2591962.079, 128
Trd, 2591962.529, 150
Trd, 2591962.763, 150
Trd, 2591963.079, 150
Trd, 2591963.713, 107
Trd, 2591965.679, 150
Trd, 2591965.846, 150
Trd, 2591966.546, 150
Trd, 2591966.563, 150
Trd, 2591967.079, 150
Trd, 2591968.496, 150
Trd, 2591968.579, 150
Trd, 2591970.029, 150
Trd, 2591970.463, 150
Trd, 2591970.963, 150
Trd, 2591970.996, 150
Trd, 2591971.046, 150
Trd, 2591971.346, 150
Trd, 2591971.446, 150
Trd, 2591971.496, 148
Trd, 2591971.563, 149
Trd, 2591972.263, 150
Trd, 2591972.779, 150
Trd, 2591973.063, 150
Trd, 2591973.329, 150
Trd, 2591973.396, 150
Trd, 2591973.446, 149
Trd, 2591973.963, 133
Trd, 2591973.996, 118
Trd, 2591974.446, 146
Trd, 2591974.679, 148
Trd, 2591975.179, 139
Trd, 2591975.629, 141
Trd, 2591975.829, 141
Trd, 2591976.446, 133
Trd, 2591976.829, 145
Trd, 2591976.963, 146
Trd, 2591977.096, 131
Trd, 2591977.179, 148
Trd, 2591978.113, 132
Trd, 2591978.163, 129
Trd, 2591979.896, 150
Trd, 2591980.913, 150
Trd, 2591981.196, 150
Trd, 2591981.279, 141
Trd, 2591981.296, 119
Trd, 2591981.713, 148
Trd, 2591981.979, 143
Trd, 2591982.096, 149
Trd, 2591982.829, 133
Trd, 2591983.779, 150
Trd, 2591984.046, 148
Trd, 2591984.196, 147
Trd, 2591984.446, 148
Trd, 2591984.513, 149
Trd, 2591984.729, 146
Trd, 2591985.013, 145
Trd, 2591985.329, 146
Trd, 2591985.513, 139
Trd, 2591985.663, 138
Trd, 2591985.813, 144
Trd, 2591986.529, 141
Trd, 2591986.863, 130
Trd, 2591986.896, 142
Trd, 2591987.163, 127
Trd, 2591987.946, 101
Trd, 2591988.763, 140
Trd, 2591988.779, 142
Trd, 2591989.396, 101
Trd, 2591989.596, 102
Trd, 2591990.279, 148
Trd, 2591990.613, 149
Trd, 2591991.363, 149
Trd, 2591991.379, 148
Trd, 2591991.463, 147
Trd, 2591991.729, 150
Trd, 2591992.463, 150
Trd, 2591993.096, 150
Trd, 2591993.513, 147
Trd, 2591994.363, 150
Trd, 2591994.629, 150
Trd, 2591994.979, 150
Trd, 2591995.013, 146
Trd, 2591995.279, 150
Trd, 2591995.846, 144
Trd, 2591996.113, 139
Trd, 2591996.429, 147
Trd, 2591996.879, 145
Trd, 2591997.329, 147
Trd, 2591997.779, 145
Trd, 2591997.963, 136
Trd, 2591998.329, 146
Trd, 2591998.729, 142
Trd, 2591998.846, 141
Trd, 2591998.996, 140
Trd, 2591999.846, 136
