Trd, 2590666.229, 98
Trd, 2590666.379, 102
Trd, 2590666.713, 81
Trd, 2590669.913, 89
Trd, 2590670.313, 103
Trd, 2590670.896, 89
Trd, 2590671.079, 84
Trd, 2590671.113, 81
Trd, 2590671.813, 101
Trd, 2590673.829, 92
Trd, 2590674.246, 92
Trd, 2590675.629, 92
Trd, 2590676.279, 81
Trd, 2590677.629, 90
Trd, 2590678.579, 91
Trd, 2590679.079, 92
Trd, 2590679.713, 96
Trd, 2590679.796, 92
Trd, 2590679.846, 99
Trd, 2590679.996, 100
Trd, 2590680.046, 107
Trd, 2590682.146, 103
Trd, 2590682.563, 108
Trd, 2590683.296, 105
Trd, 2590683.329, 103
Trd, 2590684.363, 100
Trd, 2590685.729, 98
Trd, 2590686.563, 98
Trd, 2590687.596, 96
Trd, 2590687.613, 97
Trd, 2590687.746, 98
Trd, 2590688.129, 107
Trd, 2590688.163, 93
Trd, 2590688.313, 107
Trd, 2590688.929, 108
Trd, 2590689.046, 112
Trd, 2590691.696, 92
Trd, 2590692.663, 90
Trd, 2590692.863, 91
Trd, 2590693.513, 98
Trd, 2590695.663, 96
Trd, 2590695.913, 98
Trd, 2590696.529, 95
Trd, 2590696.596, 94
Trd, 2590697.413, 90
Trd, 2590697.913, 81
Trd, 2590698.796, 85
Trd, 2590698.913, 86
Trd, 2590699.546, 90
Trd, 2590700.529, 92
Trd, 2590701.129, 90
Trd, 2590701.179, 92
Trd, 2590701.696, 94
Trd, 2590702.129, 104
Trd, 2590702.429, 105
Trd, 2590703.446, 99
Trd, 2590705.996, 108
Trd, 2590706.146, 106
Trd, 2590706.496, 105
Trd, 2590706.729, 110
Trd, 2590706.946, 105
Trd, 2590709.579, 94
Trd, 2590710.629, 96
Trd, 2590710.846, 94
Trd, 2590711.279, 92
Trd, 2590711.479, 88
Trd, 2590712.279, 83
Trd, 2590713.113, 83
Trd, 2590713.763, 84
Trd, 2590713.979, 86
Trd, 2590714.529, 85
Trd, 2590715.413, 87
Trd, 2590715.463, 97
Trd, 2590716.013, 107
Trd, 2590717.129, 97
Trd, 2590717.363, 98
Trd, 2590717.863, 97
Trd, 2590718.346, 96
Trd, 2590719.179, 97
Trd, 2590720.013, 97
Trd, 2590720.179, 98
Trd, 2590720.379, 95
Trd, 2590720.529, 94
Trd, 2590720.563, 83
Trd, 2590721.463, 105
Trd, 2590722.363, 94
Trd, 2590724.296, 106
Trd, 2590724.946, 97
Trd, 2590726.913, 100
Trd, 2590727.363, 100
Trd, 2590727.629, 100
Trd, 2590727.813, 101
Trd, 2590728.663, 100
Trd, 2590728.863, 99
Trd, 2590729.013, 100
Trd, 2590729.729, 95
Trd, 2590729.763, 94
Trd, 2590729.846, 97
Trd, 2590731.796, 96
Trd, 2590732.296, 94
Trd, 2590734.396, 97
Trd, 2590734.563, 99
Trd, 2590735.346, 99
Trd, 2590736.029, 99
Trd, 2590736.729, 105
Trd, 2590737.329, 98
Trd, 2590737.346, 93
Trd, 2590737.546, 85
Trd, 2590738.813, 102
Trd, 2590739.246, 91
Trd, 2590739.346, 102
Trd, 2590740.129, 90
Trd, 2590740.179, 103
Trd, 2590740.479, 105
Trd, 2590741.663, 88
Trd, 2590741.979, 106
Trd, 2590744.763, 99
Trd, 2590745.579, 98
Trd, 2590745.679, 98
Trd, 2590745.946, 97
Trd, 2590746.379, 99
Trd, 2590746.396, 98
Trd, 2590746.546, 99
Trd, 2590747.113, 83
Trd, 2590747.929, 108
Trd, 2590748.363, 87
Trd, 2590749.396, 109
Trd, 2590749.496, 109
Trd, 2590750.013, 96
Trd, 2590750.046, 109
Trd, 2590751.329, 105
Trd, 2590751.663, 109
Trd, 2590751.896, 93
Trd, 2590752.046, 112
Trd, 2590752.496, 82
Trd, 2590755.096, 86
Trd, 2590756.496, 104
Trd, 2590757.029, 104
Trd, 2590757.063, 104
Trd, 2590757.379, 104
Trd, 2590757.446, 105
Trd, 2590758.096, 104
Trd, 2590758.379, 102
Trd, 2590759.963, 96
Trd, 2590760.313, 98
Trd, 2590760.463, 82
Trd, 2590761.713, 99
Trd, 2590761.996, 98
Trd, 2590762.513, 102
Trd, 2590762.829, 84
Trd, 2590763.713, 97
Trd, 2590765.479, 99
Trd, 2590766.079, 94
Trd, 2590766.363, 94
Trd, 2590766.846, 94
Trd, 2590767.096, 104
Trd, 2590768.046, 102
Trd, 2590769.563, 89
Trd, 2590769.846, 88
Trd, 2590770.929, 94
Trd, 2590771.113, 90
Trd, 2590771.263, 84
Trd, 2590771.396, 94
Trd, 2590771.763, 93
Trd, 2590773.946, 87
Trd, 2590773.963, 89
Trd, 2590774.479, 89
Trd, 2590774.646, 90
Trd, 2590775.079, 88
Trd, 2590775.563, 87
Trd, 2590776.596, 85
Trd, 2590776.779, 91
Trd, 2590777.013, 94
Trd, 2590779.579, 95
Trd, 2590779.996, 97
Trd, 2590780.413, 94
Trd, 2590781.196, 95
Trd, 2590781.296, 92
Trd, 2590781.913, 96
Trd, 2590781.929, 98
Trd, 2590782.013, 96
Trd, 2590782.479, 97
Trd, 2590784.913, 95
Trd, 2590785.829, 93
Trd, 2590785.913, 89
Trd, 2590787.313, 94
Trd, 2590787.479, 101
Trd, 2590788.029, 93
Trd, 2590789.296, 104
Trd, 2590790.263, 102
Trd, 2590791.029, 100
Trd, 2590792.696, 100
Trd, 2590793.279, 102
Trd, 2590793.429, 95
Trd, 2590793.579, 104
Trd, 2590793.713, 108
Trd, 2590795.279, 101
Trd, 2590795.679, 97
Trd, 2590796.529, 100
Trd, 2590796.663, 101
Trd, 2590796.996, 99
Trd, 2590797.729, 102
Trd, 2590798.446, 103
Trd, 2590798.629, 94
Trd, 2590798.679, 83
Trd, 2590799.096, 111
Trd, 2590799.563, 92
Trd, 2590800.896, 111
Trd, 2590802.213, 112
Trd, 2590802.229, 111
Trd, 2590802.363, 112
Trd, 2590802.413, 113
Trd, 2590802.963, 94
Trd, 2590804.963, 107
Trd, 2590805.596, 105
Trd, 2590805.963, 105
Trd, 2590806.713, 103
Trd, 2590807.396, 97
Trd, 2590807.696, 104
Trd, 2590808.396, 110
Trd, 2590809.396, 112
Trd, 2590809.746, 113
Trd, 2590809.963, 98
Trd, 2590810.579, 97
Trd, 2590810.596, 99
Trd, 2590811.913, 94
Trd, 2590812.329, 84
Trd, 2590812.446, 111
Trd, 2590815.013, 102
Trd, 2590815.163, 101
Trd, 2590815.346, 99
Trd, 2590815.829, 101
Trd, 2590816.746, 95
Trd, 2590817.646, 96
Trd, 2590818.346, 97
Trd, 2590818.813, 98
Trd, 2590819.679, 99
Trd, 2590819.929, 98
Trd, 2590821.496, 106
Trd, 2590822.096, 105
Trd, 2590822.813, 102
Trd, 2590822.996, 102
Trd, 2590823.146, 102
Trd, 2590823.413, 102
Trd, 2590824.879, 103
Trd, 2590825.263, 98
Trd, 2590825.413, 108
Trd, 2590825.863, 97
Trd, 2590826.613, 112
Trd, 2590828.363, 101
Trd, 2590828.646, 100
Trd, 2590829.196, 102
Trd, 2590829.346, 99
Trd, 2590833.046, 96
Trd, 2590834.013, 94
Trd, 2590834.546, 92
Trd, 2590835.046, 92
Trd, 2590835.163, 92
Trd, 2590835.296, 93
Trd, 2590835.513, 95
Trd, 2590835.679, 102
Trd, 2590836.629, 115
Trd, 2590836.646, 93
Trd, 2590836.763, 87
Trd, 2590839.979, 85
Trd, 2590840.763, 86
Trd, 2590840.846, 87
Trd, 2590840.929, 93
Trd, 2590841.079, 85
Trd, 2590841.429, 82
Trd, 2590841.479, 96
Trd, 2590842.529, 94
Trd, 2590842.629, 94
Trd, 2590843.713, 82
Trd, 2590845.763, 81
Trd, 2590845.813, 80
Trd, 2590845.979, 80
Trd, 2590846.679, 79
Trd, 2590846.746, 80
Trd, 2590846.979, 81
Trd, 2590847.446, 85
Trd, 2590847.563, 87
Trd, 2590847.813, 91
Trd, 2590850.563, 96
Trd, 2590850.779, 97
Trd, 2590851.813, 98
Trd, 2590852.346, 101
Trd, 2590853.213, 105
Trd, 2590853.296, 108
Trd, 2590854.263, 106
Trd, 2590854.379, 105
Trd, 2590856.513, 111
Trd, 2590857.063, 111
Trd, 2590858.029, 107
Trd, 2590858.179, 109
Trd, 2590858.363, 119
Trd, 2590859.646, 96
Trd, 2590859.963, 102
Trd, 2590860.646, 95
Trd, 2590862.529, 94
Trd, 2590862.696, 95
Trd, 2590863.546, 92
Trd, 2590863.646, 93
Trd, 2590864.379, 91
Trd, 2590864.846, 92
Trd, 2590864.879, 93
Trd, 2590866.779, 99
Trd, 2590866.846, 100
Trd, 2590867.263, 101
Trd, 2590867.763, 100
Trd, 2590867.879, 98
Trd, 2590869.213, 82
Trd, 2590869.546, 86
Trd, 2590870.063, 99
Trd, 2590870.529, 85
Trd, 2590870.829, 84
Trd, 2590872.863, 96
Trd, 2590876.013, 101
Trd, 2590876.563, 102
Trd, 2590877.046, 103
Trd, 2590877.246, 102
Trd, 2590877.563, 107
Trd, 2590877.863, 104
Trd, 2590878.213, 108
Trd, 2590878.446, 105
Trd, 2590879.629, 106
Trd, 2590880.396, 105
Trd, 2590880.446, 104
Trd, 2590880.679, 96
Trd, 2590880.796, 94
Trd, 2590880.946, 105
Trd, 2590881.429, 104
Trd, 2590883.179, 98
Trd, 2590885.696, 94
Trd, 2590886.096, 95
Trd, 2590886.579, 88
Trd, 2590887.113, 88
Trd, 2590887.896, 88
Trd, 2590888.179, 97
Trd, 2590888.663, 98
Trd, 2590890.329, 80
Trd, 2590890.813, 99
Trd, 2590890.963, 100
Trd, 2590891.629, 85
Trd, 2590891.813, 97
Trd, 2590892.479, 99
Trd, 2590892.846, 106
Trd, 2590894.029, 103
Trd, 2590894.696, 104
Trd, 2590895.079, 104
Trd, 2590895.479, 103
Trd, 2590896.696, 107
Trd, 2590897.563, 107
Trd, 2590897.779, 100
Trd, 2590897.946, 108
Trd, 2590898.363, 95
Trd, 2590899.529, 110
Trd, 2590900.046, 99
Trd, 2590901.579, 96
Trd, 2590902.163, 95
Trd, 2590902.229, 100
Trd, 2590904.179, 93
Trd, 2590904.279, 92
Trd, 2590904.346, 83
Trd, 2590904.396, 94
Trd, 2590906.013, 84
Trd, 2590906.463, 88
Trd, 2590907.696, 86
Trd, 2590908.313, 87
Trd, 2590908.579, 92
Trd, 2590909.813, 88
Trd, 2590910.046, 90
Trd, 2590910.213, 89
Trd, 2590911.313, 91
Trd, 2590911.546, 96
Trd, 2590911.746, 88
Trd, 2590912.679, 107
Trd, 2590913.529, 105
Trd, 2590915.063, 105
Trd, 2590915.113, 106
Trd, 2590916.663, 99
Trd, 2590917.063, 99
Trd, 2590917.829, 97
Trd, 2590918.363, 95
Trd, 2590919.629, 99
Trd, 2590920.379, 98
Trd, 2590920.413, 99
Trd, 2590920.463, 97
Trd, 2590920.746, 94
Trd, 2590922.196, 83
Trd, 2590922.413, 84
Trd, 2590922.713, 89
Trd, 2590922.796, 90
Trd, 2590923.063, 107
Trd, 2590923.396, 102
Trd, 2590924.079, 108
Trd, 2590927.546, 96
Trd, 2590927.913, 99
Trd, 2590928.129, 98
Trd, 2590928.563, 98
Trd, 2590929.213, 98
Trd, 2590929.813, 94
Trd, 2590930.446, 94
Trd, 2590931.329, 94
Trd, 2590932.913, 90
Trd, 2590933.163, 89
Trd, 2590933.779, 85
Trd, 2590933.896, 86
Trd, 2590935.346, 81
Trd, 2590937.013, 90
Trd, 2590937.029, 91
Trd, 2590937.779, 101
Trd, 2590938.979, 97
Trd, 2590939.113, 104
Trd, 2590939.179, 97
Trd, 2590939.213, 96
Trd, 2590939.346, 98
Trd, 2590939.813, 108
Trd, 2590940.329, 107
Trd, 2590941.863, 104
Trd, 2590942.063, 101
Trd, 2590942.679, 92
Trd, 2590943.463, 94
Trd, 2590943.829, 93
Trd, 2590944.496, 92
Trd, 2590944.579, 94
Trd, 2590944.679, 95
Trd, 2590946.479, 95
Trd, 2590946.679, 96
Trd, 2590948.813, 101
Trd, 2590949.646, 107
Trd, 2590949.896, 100
Trd, 2590950.296, 108
Trd, 2590950.463, 100
Trd, 2590951.513, 106
Trd, 2590951.613, 100
Trd, 2590951.863, 107
Trd, 2590953.013, 94
Trd, 2590954.079, 96
Trd, 2590954.346, 97
Trd, 2590954.529, 98
Trd, 2590954.863, 95
Trd, 2590956.063, 99
Trd, 2590956.096, 102
Trd, 2590956.563, 108
Trd, 2590956.946, 100
Trd, 2590957.546, 97
Trd, 2590957.646, 94
Trd, 2590960.346, 93
Trd, 2590961.013, 95
Trd, 2590961.613, 93
Trd, 2590961.946, 96
Trd, 2590962.646, 93
Trd, 2590963.329, 95
Trd, 2590963.729, 94
Trd, 2590963.879, 95
Trd, 2590965.013, 98
Trd, 2590965.329, 94
Trd, 2590966.546, 94
Trd, 2590966.713, 85
Trd, 2590967.779, 97
Trd, 2590968.379, 92
Trd, 2590968.913, 94
Trd, 2590969.096, 94
Trd, 2590969.913, 95
Trd, 2590970.829, 94
Trd, 2590971.013, 93
Trd, 2590972.113, 89
Trd, 2590972.796, 89
Trd, 2590973.396, 94
Trd, 2590973.913, 100
Trd, 2590974.096, 99
Trd, 2590976.279, 97
Trd, 2590976.613, 91
Trd, 2590977.046, 86
Trd, 2590977.179, 108
Trd, 2590977.729, 112
Trd, 2590979.529, 94
Trd, 2590979.913, 98
Trd, 2590980.463, 90
Trd, 2590982.063, 98
Trd, 2590982.463, 98
Trd, 2590983.363, 99
Trd, 2590983.746, 98
Trd, 2590984.629, 99
Trd, 2590985.813, 97
Trd, 2590987.779, 85
Trd, 2590987.879, 86
Trd, 2590988.796, 84
Trd, 2590989.063, 83
Trd, 2590989.313, 84
Trd, 2590990.446, 85
Trd, 2590990.796, 86
Trd, 2590990.813, 87
Trd, 2590990.963, 91
Trd, 2590992.913, 93
Trd, 2590993.613, 97
Trd, 2590994.463, 95
Trd, 2590994.729, 94
Trd, 2590994.763, 96
Trd, 2590996.179, 99
Trd, 2590996.746, 93
Trd, 2590996.879, 83
Trd, 2590997.579, 81
Trd, 2590998.163, 97
Trd, 2590998.296, 98
Trd, 2590998.563, 84
Trd, 2590999.346, 99
Trd, 2591000.229, 103
Trd, 2591000.313, 108
Trd, 2591001.846, 99
Trd, 2591001.879, 97
Trd, 2591002.579, 97
Trd, 2591003.163, 100
Trd, 2591003.613, 98
Trd, 2591004.513, 106
Trd, 2591005.979, 105
Trd, 2591007.096, 101
Trd, 2591008.213, 99
Trd, 2591008.229, 98
Trd, 2591008.613, 100
Trd, 2591008.663, 94
Trd, 2591009.346, 101
Trd, 2591010.429, 102
Trd, 2591010.496, 99
Trd, 2591010.596, 103
Trd, 2591011.213, 85
Trd, 2591011.996, 83
Trd, 2591012.796, 92
Trd, 2591013.013, 103
Trd, 2591013.429, 102
Trd, 2591014.546, 107
Trd, 2591015.279, 95
Trd, 2591015.546, 94
Trd, 2591017.629, 103
Trd, 2591017.896, 103
Trd, 2591018.279, 103
Trd, 2591018.429, 106
Trd, 2591019.846, 105
Trd, 2591020.946, 105
Trd, 2591021.129, 101
Trd, 2591021.396, 101
Trd, 2591023.679, 100
Trd, 2591023.796, 101
Trd, 2591023.979, 95
Trd, 2591024.213, 94
Trd, 2591024.296, 101
Trd, 2591024.396, 87
Trd, 2591025.763, 101
Trd, 2591025.796, 91
Trd, 2591025.963, 107
Trd, 2591026.079, 108
Trd, 2591027.596, 93
Trd, 2591027.729, 93
Trd, 2591027.963, 94
Trd, 2591031.196, 96
Trd, 2591032.379, 102
Trd, 2591032.479, 99
Trd, 2591033.279, 100
Trd, 2591033.329, 101
Trd, 2591033.779, 98
Trd, 2591034.896, 100
Trd, 2591035.479, 99
Trd, 2591035.963, 99
Trd, 2591036.579, 98
Trd, 2591037.113, 100
Trd, 2591037.363, 108
Trd, 2591038.129, 98
Trd, 2591038.296, 96
Trd, 2591038.779, 95
Trd, 2591039.096, 93
Trd, 2591039.496, 98
Trd, 2591039.829, 99
Trd, 2591041.163, 98
Trd, 2591041.879, 105
Trd, 2591042.496, 108
Trd, 2591042.913, 105
Trd, 2591043.163, 106
Trd, 2591043.479, 105
Trd, 2591045.363, 97
Trd, 2591047.613, 93
Trd, 2591047.696, 94
Trd, 2591048.079, 95
Trd, 2591048.413, 97
Trd, 2591049.679, 105
Trd, 2591050.629, 109
Trd, 2591050.979, 101
Trd, 2591051.096, 100
Trd, 2591051.196, 110
Trd, 2591051.813, 111
Trd, 2591052.346, 118
Trd, 2591053.179, 102
Trd, 2591053.513, 100
Trd, 2591054.246, 116
Trd, 2591054.279, 114
Trd, 2591057.146, 104
Trd, 2591058.046, 101
Trd, 2591058.579, 99
Trd, 2591058.646, 99
Trd, 2591059.029, 97
Trd, 2591059.163, 99
Trd, 2591060.196, 94
Trd, 2591060.913, 96
Trd, 2591060.929, 97
Trd, 2591061.979, 106
Trd, 2591063.446, 95
Trd, 2591063.979, 95
Trd, 2591064.096, 94
Trd, 2591064.429, 93
Trd, 2591065.029, 94
Trd, 2591066.163, 92
Trd, 2591067.279, 91
Trd, 2591069.096, 90
Trd, 2591069.229, 88
Trd, 2591070.113, 90
Trd, 2591070.163, 91
Trd, 2591070.813, 92
Trd, 2591071.496, 95
Trd, 2591071.646, 98
Trd, 2591071.696, 94
Trd, 2591073.013, 107
Trd, 2591074.946, 103
Trd, 2591075.629, 103
Trd, 2591075.646, 108
Trd, 2591076.229, 105
Trd, 2591076.629, 104
Trd, 2591076.996, 101
Trd, 2591078.363, 98
Trd, 2591079.679, 99
Trd, 2591080.063, 98
Trd, 2591081.029, 85
Trd, 2591081.396, 92
Trd, 2591081.496, 81
Trd, 2591081.963, 99
Trd, 2591083.329, 91
Trd, 2591083.529, 92
Trd, 2591084.263, 99
Trd, 2591085.596, 105
Trd, 2591086.263, 106
Trd, 2591086.296, 106
Trd, 2591086.896, 106
Trd, 2591087.613, 104
Trd, 2591087.779, 104
Trd, 2591089.079, 95
Trd, 2591089.313, 99
Trd, 2591090.079, 94
Trd, 2591090.313, 97
Trd, 2591090.996, 91
Trd, 2591091.479, 95
Trd, 2591091.746, 97
Trd, 2591092.763, 81
Trd, 2591093.146, 96
Trd, 2591095.746, 93
Trd, 2591095.929, 100
Trd, 2591095.963, 92
Trd, 2591096.163, 83
Trd, 2591097.813, 100
Trd, 2591099.313, 101
Trd, 2591099.546, 102
Trd, 2591100.079, 101
Trd, 2591100.396, 101
Trd, 2591100.579, 105
Trd, 2591100.829, 107
Trd, 2591101.346, 101
Trd, 2591101.396, 96
Trd, 2591102.213, 103
Trd, 2591102.496, 86
Trd, 2591102.829, 83
Trd, 2591104.279, 89
Trd, 2591105.029, 88
Trd, 2591105.396, 90
Trd, 2591105.546, 92
Trd, 2591105.596, 97
Trd, 2591105.746, 105
Trd, 2591106.596, 107
Trd, 2591106.863, 108
Trd, 2591108.429, 110
Trd, 2591108.729, 110
Trd, 2591108.779, 110
Trd, 2591110.913, 110
Trd, 2591111.013, 111
Trd, 2591114.063, 102
Trd, 2591114.263, 106
Trd, 2591114.629, 106
Trd, 2591114.946, 98
Trd, 2591115.646, 98
Trd, 2591116.796, 98
Trd, 2591117.429, 100
Trd, 2591117.529, 98
Trd, 2591117.713, 94
Trd, 2591117.729, 100
Trd, 2591117.829, 101
Trd, 2591119.646, 98
Trd, 2591121.646, 98
Trd, 2591121.663, 97
Trd, 2591122.396, 98
Trd, 2591123.029, 103
Trd, 2591123.929, 95
Trd, 2591124.129, 105
Trd, 2591125.696, 95
Trd, 2591126.096, 93
Trd, 2591126.146, 95
Trd, 2591127.046, 91
Trd, 2591127.163, 92
Trd, 2591128.196, 86
Trd, 2591128.279, 85
Trd, 2591129.046, 85
Trd, 2591129.196, 89
Trd, 2591129.779, 100
Trd, 2591134.129, 97
Trd, 2591134.179, 98
Trd, 2591134.696, 98
Trd, 2591135.179, 97
Trd, 2591136.229, 94
Trd, 2591136.296, 98
Trd, 2591136.679, 98
Trd, 2591137.413, 95
Trd, 2591137.863, 94
Trd, 2591138.379, 97
Trd, 2591138.813, 98
Trd, 2591139.996, 85
Trd, 2591140.296, 95
Trd, 2591141.113, 96
Trd, 2591141.146, 100
Trd, 2591143.063, 104
Trd, 2591143.229, 89
Trd, 2591143.813, 103
Trd, 2591146.513, 104
Trd, 2591147.063, 100
Trd, 2591148.096, 102
Trd, 2591148.379, 103
Trd, 2591148.396, 101
Trd, 2591148.946, 108
Trd, 2591149.429, 108
Trd, 2591149.729, 98
Trd, 2591150.313, 97
Trd, 2591150.363, 109
Trd, 2591150.779, 95
Trd, 2591151.629, 95
Trd, 2591152.979, 100
Trd, 2591153.229, 99
Trd, 2591153.746, 99
Trd, 2591154.579, 99
Trd, 2591154.763, 99
Trd, 2591155.496, 112
Trd, 2591156.429, 99
Trd, 2591156.779, 94
Trd, 2591157.296, 107
Trd, 2591157.979, 105
Trd, 2591158.529, 105
Trd, 2591159.913, 101
Trd, 2591161.213, 100
Trd, 2591161.479, 99
Trd, 2591162.263, 99
Trd, 2591162.329, 100
Trd, 2591162.346, 90
Trd, 2591163.379, 103
Trd, 2591163.529, 108
Trd, 2591163.629, 95
Trd, 2591165.729, 98
Trd, 2591166.446, 104
Trd, 2591167.896, 106
Trd, 2591168.579, 113
Trd, 2591168.613, 112
Trd, 2591169.196, 97
Trd, 2591169.863, 96
Trd, 2591169.929, 122
Trd, 2591170.396, 93
Trd, 2591171.296, 115
Trd, 2591174.446, 96
Trd, 2591174.513, 97
Trd, 2591174.846, 98
Trd, 2591175.263, 99
Trd, 2591175.279, 100
Trd, 2591176.479, 105
Trd, 2591176.579, 106
Trd, 2591176.996, 105
Trd, 2591177.079, 104
Trd, 2591177.663, 100
Trd, 2591177.779, 105
Trd, 2591179.346, 94
Trd, 2591179.379, 84
Trd, 2591179.513, 95
Trd, 2591181.696, 97
Trd, 2591182.513, 99
Trd, 2591182.546, 100
Trd, 2591182.613, 96
Trd, 2591184.029, 98
Trd, 2591184.679, 99
Trd, 2591185.046, 98
Trd, 2591185.563, 91
Trd, 2591186.963, 95
Trd, 2591187.046, 90
Trd, 2591187.813, 99
Trd, 2591188.863, 98
Trd, 2591189.063, 107
Trd, 2591189.513, 107
Trd, 2591190.263, 99
Trd, 2591190.413, 98
Trd, 2591190.729, 107
Trd, 2591192.413, 103
Trd, 2591192.513, 103
Trd, 2591192.729, 104
Trd, 2591193.846, 102
Trd, 2591194.113, 101
Trd, 2591194.296, 112
Trd, 2591194.779, 101
Trd, 2591197.546, 99
Trd, 2591198.296, 97
Trd, 2591199.229, 111
Trd, 2591199.679, 105
Trd, 2591199.963, 93
Trd, 2591201.679, 93
Trd, 2591201.946, 93
Trd, 2591202.263, 92
Trd, 2591203.046, 81
Trd, 2591203.713, 86
Trd, 2591204.129, 88
Trd, 2591206.029, 84
Trd, 2591206.913, 81
Trd, 2591207.463, 83
Trd, 2591208.196, 79
Trd, 2591208.579, 81
Trd, 2591209.196, 106
Trd, 2591209.529, 108
Trd, 2591210.946, 105
Trd, 2591211.013, 104
Trd, 2591212.313, 103
Trd, 2591212.496, 104
Trd, 2591212.646, 104
Trd, 2591212.696, 99
Trd, 2591213.296, 102
Trd, 2591215.313, 100
Trd, 2591215.713, 101
Trd, 2591215.763, 103
Trd, 2591217.429, 101
Trd, 2591217.596, 104
Trd, 2591217.913, 100
Trd, 2591218.363, 99
Trd, 2591219.329, 104
Trd, 2591219.796, 100
Trd, 2591220.113, 104
Trd, 2591221.563, 99
Trd, 2591222.346, 96
Trd, 2591222.679, 94
Trd, 2591224.429, 95
Trd, 2591224.479, 95
Trd, 2591225.296, 95
Trd, 2591225.496, 94
Trd, 2591225.529, 106
Trd, 2591226.546, 98
Trd, 2591226.996, 112
Trd, 2591227.763, 100
Trd, 2591229.496, 101
Trd, 2591230.079, 98
Trd, 2591230.179, 98
Trd, 2591231.146, 95
Trd, 2591231.696, 94
Trd, 2591231.913, 95
Trd, 2591233.196, 83
Trd, 2591233.246, 94
Trd, 2591233.563, 93
Trd, 2591235.413, 89
Trd, 2591235.446, 91
Trd, 2591236.213, 91
Trd, 2591236.313, 98
Trd, 2591236.913, 104
Trd, 2591236.929, 103
Trd, 2591236.996, 105
Trd, 2591238.079, 108
Trd, 2591238.729, 100
Trd, 2591239.629, 106
Trd, 2591239.896, 114
Trd, 2591240.429, 106
Trd, 2591240.813, 104
Trd, 2591241.113, 103
Trd, 2591242.646, 83
Trd, 2591243.696, 111
Trd, 2591244.979, 101
Trd, 2591246.063, 100
Trd, 2591246.329, 98
Trd, 2591246.679, 97
Trd, 2591246.829, 94
Trd, 2591247.896, 94
Trd, 2591248.679, 96
Trd, 2591249.579, 107
Trd, 2591249.879, 108
Trd, 2591250.679, 107
Trd, 2591250.963, 107
Trd, 2591251.246, 106
Trd, 2591252.313, 87
Trd, 2591252.363, 83
Trd, 2591252.529, 97
Trd, 2591253.329, 74
Trd, 2591253.913, 75
Trd, 2591255.179, 90
Trd, 2591255.363, 85
Trd, 2591257.329, 86
Trd, 2591257.496, 87
Trd, 2591257.529, 89
Trd, 2591257.763, 91
Trd, 2591257.779, 94
Trd, 2591259.679, 99
Trd, 2591261.846, 103
Trd, 2591262.029, 106
Trd, 2591262.479, 104
Trd, 2591262.596, 104
Trd, 2591262.929, 105
Trd, 2591263.079, 104
Trd, 2591264.363, 103
Trd, 2591265.246, 100
Trd, 2591265.496, 98
Trd, 2591267.113, 101
Trd, 2591267.246, 103
Trd, 2591267.413, 105
Trd, 2591267.713, 105
Trd, 2591267.963, 94
Trd, 2591268.979, 95
Trd, 2591269.179, 107
Trd, 2591269.646, 89
Trd, 2591271.196, 87
Trd, 2591271.529, 106
Trd, 2591272.279, 105
Trd, 2591272.746, 104
Trd, 2591273.196, 98
Trd, 2591274.429, 92
Trd, 2591275.396, 93
Trd, 2591275.529, 92
Trd, 2591276.279, 104
Trd, 2591276.813, 83
Trd, 2591279.396, 95
Trd, 2591279.463, 94
Trd, 2591280.029, 94
Trd, 2591280.679, 88
Trd, 2591280.863, 93
Trd, 2591281.396, 92
Trd, 2591283.213, 93
Trd, 2591283.379, 94
Trd, 2591284.246, 105
Trd, 2591284.763, 98
Trd, 2591285.163, 97
Trd, 2591286.546, 94
Trd, 2591287.463, 86
Trd, 2591287.979, 96
Trd, 2591289.296, 95
Trd, 2591290.213, 93
Trd, 2591290.963, 94
Trd, 2591290.979, 95
Trd, 2591291.313, 96
Trd, 2591291.696, 104
Trd, 2591291.713, 105
Trd, 2591292.613, 98
Trd, 2591294.213, 99
Trd, 2591294.546, 99
Trd, 2591294.613, 95
Trd, 2591294.763, 100
Trd, 2591295.113, 108
Trd, 2591295.379, 113
Trd, 2591295.396, 118
Trd, 2591296.829, 96
Trd, 2591297.613, 100
Trd, 2591297.663, 101
Trd, 2591297.963, 94
Trd, 2591299.063, 94
Trd, 2591299.463, 94
Trd, 2591299.746, 95
Trd, 2591300.413, 96
Trd, 2591302.263, 95
Trd, 2591302.329, 103
Trd, 2591304.379, 98
Trd, 2591304.896, 97
Trd, 2591306.813, 102
Trd, 2591306.913, 100
Trd, 2591307.263, 103
Trd, 2591307.796, 107
Trd, 2591308.046, 94
Trd, 2591308.413, 84
Trd, 2591308.629, 103
Trd, 2591309.363, 93
Trd, 2591310.779, 94
Trd, 2591311.046, 97
Trd, 2591311.213, 94
Trd, 2591311.496, 97
Trd, 2591312.396, 108
Trd, 2591312.446, 110
Trd, 2591314.446, 108
Trd, 2591314.996, 92
Trd, 2591315.046, 93
Trd, 2591315.846, 94
Trd, 2591317.163, 95
Trd, 2591318.229, 96
Trd, 2591318.496, 94
Trd, 2591319.729, 96
Trd, 2591319.863, 94
Trd, 2591321.463, 94
Trd, 2591321.529, 103
Trd, 2591321.863, 98
Trd, 2591321.929, 106
Trd, 2591323.263, 97
Trd, 2591323.763, 83
Trd, 2591324.263, 91
Trd, 2591324.463, 101
Trd, 2591325.413, 93
Trd, 2591326.679, 93
Trd, 2591327.163, 94
Trd, 2591327.463, 102
Trd, 2591327.479, 103
Trd, 2591328.113, 108
Trd, 2591328.313, 88
Trd, 2591328.846, 108
Trd, 2591330.579, 96
Trd, 2591330.829, 98
Trd, 2591331.396, 98
Trd, 2591331.563, 97
Trd, 2591331.779, 98
Trd, 2591332.513, 96
Trd, 2591333.663, 95
Trd, 2591334.829, 100
Trd, 2591335.529, 112
Trd, 2591336.063, 98
Trd, 2591336.263, 115
Trd, 2591337.313, 116
Trd, 2591337.496, 99
Trd, 2591337.979, 98
Trd, 2591339.629, 96
Trd, 2591340.729, 98
Trd, 2591341.496, 102
Trd, 2591342.213, 101
Trd, 2591342.729, 100
Trd, 2591342.779, 101
Trd, 2591343.146, 104
Trd, 2591344.446, 102
Trd, 2591345.129, 101
Trd, 2591345.379, 95
Trd, 2591346.913, 98
Trd, 2591347.163, 98
Trd, 2591347.496, 98
Trd, 2591347.813, 108
Trd, 2591348.179, 124
Trd, 2591348.913, 100
Trd, 2591349.529, 99
Trd, 2591349.563, 98
Trd, 2591350.513, 97
Trd, 2591350.663, 94
Trd, 2591352.146, 100
Trd, 2591352.613, 100
Trd, 2591352.663, 99
Trd, 2591353.563, 94
Trd, 2591353.646, 95
Trd, 2591353.913, 96
Trd, 2591354.763, 83
Trd, 2591355.829, 87
Trd, 2591357.063, 85
Trd, 2591357.346, 84
Trd, 2591359.829, 91
Trd, 2591360.213, 83
Trd, 2591361.829, 87
Trd, 2591362.113, 87
Trd, 2591362.513, 85
Trd, 2591362.563, 86
Trd, 2591363.313, 87
Trd, 2591363.579, 87
Trd, 2591363.896, 91
Trd, 2591364.746, 94
Trd, 2591365.529, 94
Trd, 2591365.729, 93
Trd, 2591366.129, 94
Trd, 2591366.813, 93
Trd, 2591369.113, 89
Trd, 2591369.129, 90
Trd, 2591369.413, 89
Trd, 2591369.679, 88
Trd, 2591370.429, 87
Trd, 2591371.146, 91
Trd, 2591372.213, 97
Trd, 2591372.429, 100
Trd, 2591372.446, 105
Trd, 2591372.646, 82
Trd, 2591374.496, 104
Trd, 2591375.013, 104
Trd, 2591376.463, 100
Trd, 2591376.796, 101
Trd, 2591377.846, 100
Trd, 2591378.013, 101
Trd, 2591378.279, 96
Trd, 2591378.963, 95
Trd, 2591379.663, 85
Trd, 2591381.663, 93
Trd, 2591381.963, 86
Trd, 2591383.629, 92
Trd, 2591384.713, 91
Trd, 2591385.613, 91
Trd, 2591386.329, 98
Trd, 2591386.446, 97
Trd, 2591386.796, 96
Trd, 2591386.846, 99
Trd, 2591387.829, 95
Trd, 2591389.263, 89
Trd, 2591389.329, 89
Trd, 2591389.979, 89
Trd, 2591390.146, 91
Trd, 2591390.729, 97
Trd, 2591390.963, 98
Trd, 2591391.763, 94
Trd, 2591392.563, 93
Trd, 2591393.913, 98
Trd, 2591394.229, 100
Trd, 2591395.779, 103
Trd, 2591396.846, 97
Trd, 2591396.879, 101
Trd, 2591399.196, 101
Trd, 2591399.979, 102
Trd, 2591400.613, 100
Trd, 2591400.946, 106
Trd, 2591401.013, 99
Trd, 2591401.063, 98
Trd, 2591402.779, 96
Trd, 2591403.063, 94
Trd, 2591403.179, 95
Trd, 2591403.563, 95
Trd, 2591404.196, 95
Trd, 2591404.913, 94
Trd, 2591405.263, 93
Trd, 2591405.296, 95
Trd, 2591405.629, 105
Trd, 2591406.779, 83
Trd, 2591407.513, 98
Trd, 2591408.263, 78
Trd, 2591409.013, 95
Trd, 2591409.079, 95
Trd, 2591409.346, 95
Trd, 2591409.529, 96
Trd, 2591410.146, 96
Trd, 2591411.196, 94
Trd, 2591411.296, 97
Trd, 2591412.329, 100
Trd, 2591414.279, 105
Trd, 2591415.729, 104
Trd, 2591416.013, 105
Trd, 2591416.213, 105
Trd, 2591416.579, 107
Trd, 2591416.613, 105
Trd, 2591416.863, 105
Trd, 2591418.146, 99
Trd, 2591418.496, 98
Trd, 2591419.029, 99
Trd, 2591419.563, 94
Trd, 2591419.679, 83
Trd, 2591419.696, 83
Trd, 2591420.413, 82
Trd, 2591421.479, 91
Trd, 2591422.713, 95
Trd, 2591423.263, 99
Trd, 2591423.546, 108
Trd, 2591424.746, 106
Trd, 2591424.913, 105
Trd, 2591425.796, 95
Trd, 2591427.096, 95
Trd, 2591427.113, 105
Trd, 2591428.046, 104
Trd, 2591428.363, 96
Trd, 2591429.479, 94
Trd, 2591429.563, 83
Trd, 2591429.579, 83
Trd, 2591431.146, 88
Trd, 2591432.546, 89
Trd, 2591433.329, 91
Trd, 2591434.079, 91
Trd, 2591434.696, 92
Trd, 2591435.263, 98
Trd, 2591435.696, 104
Trd, 2591436.329, 100
Trd, 2591437.179, 100
Trd, 2591438.246, 99
Trd, 2591438.546, 102
Trd, 2591439.029, 96
Trd, 2591439.479, 96
Trd, 2591439.646, 98
Trd, 2591440.079, 94
Trd, 2591440.913, 86
Trd, 2591441.629, 93
Trd, 2591442.579, 83
Trd, 2591442.779, 96
Trd, 2591442.829, 98
Trd, 2591444.929, 87
Trd, 2591445.329, 87
Trd, 2591447.696, 88
Trd, 2591448.946, 94
Trd, 2591449.163, 94
Trd, 2591450.096, 91
Trd, 2591450.263, 92
Trd, 2591450.363, 93
Trd, 2591451.029, 81
Trd, 2591452.113, 92
Trd, 2591452.146, 93
Trd, 2591452.596, 105
Trd, 2591452.829, 108
Trd, 2591452.846, 91
Trd, 2591454.696, 96
Trd, 2591455.646, 94
Trd, 2591456.646, 93
Trd, 2591457.046, 93
Trd, 2591457.479, 92
Trd, 2591457.829, 95
Trd, 2591460.146, 93
Trd, 2591460.329, 94
Trd, 2591460.813, 99
Trd, 2591461.963, 98
Trd, 2591462.063, 92
Trd, 2591462.496, 98
Trd, 2591462.863, 95
Trd, 2591462.996, 105
Trd, 2591464.679, 102
Trd, 2591465.096, 103
Trd, 2591465.329, 101
Trd, 2591466.446, 102
Trd, 2591466.496, 107
Trd, 2591466.829, 105
Trd, 2591467.979, 107
Trd, 2591468.679, 103
Trd, 2591470.246, 95
Trd, 2591470.646, 96
Trd, 2591471.296, 95
Trd, 2591471.879, 93
Trd, 2591472.913, 91
Trd, 2591473.313, 93
Trd, 2591473.446, 94
Trd, 2591474.513, 93
Trd, 2591475.013, 89
Trd, 2591478.146, 96
Trd, 2591478.363, 96
Trd, 2591478.896, 96
Trd, 2591479.246, 97
Trd, 2591480.046, 100
Trd, 2591480.796, 105
Trd, 2591481.029, 101
Trd, 2591481.096, 107
Trd, 2591481.763, 106
Trd, 2591482.129, 105
Trd, 2591482.196, 104
Trd, 2591482.546, 108
Trd, 2591483.213, 83
Trd, 2591483.529, 99
Trd, 2591484.396, 109
Trd, 2591484.979, 86
Trd, 2591486.329, 91
Trd, 2591486.813, 93
Trd, 2591487.313, 91
Trd, 2591487.946, 89
Trd, 2591488.546, 90
Trd, 2591488.563, 92
Trd, 2591491.363, 104
Trd, 2591491.513, 101
Trd, 2591491.779, 112
Trd, 2591492.363, 107
Trd, 2591492.596, 99
Trd, 2591493.329, 93
Trd, 2591493.379, 94
Trd, 2591494.429, 101
Trd, 2591495.696, 98
Trd, 2591496.696, 99
Trd, 2591496.729, 99
Trd, 2591496.796, 94
Trd, 2591497.179, 95
Trd, 2591497.379, 96
Trd, 2591498.496, 96
Trd, 2591499.929, 98
Trd, 2591500.579, 99
Trd, 2591501.079, 98
Trd, 2591501.229, 108
Trd, 2591501.796, 95
Trd, 2591502.079, 110
Trd, 2591503.979, 94
Trd, 2591504.063, 104
Trd, 2591505.013, 98
Trd, 2591506.579, 99
Trd, 2591507.063, 99
Trd, 2591507.079, 100
Trd, 2591507.596, 98
Trd, 2591509.063, 81
Trd, 2591510.263, 92
Trd, 2591510.679, 91
Trd, 2591511.213, 91
Trd, 2591512.063, 97
Trd, 2591512.163, 94
Trd, 2591512.446, 96
Trd, 2591512.713, 105
Trd, 2591515.079, 106
Trd, 2591515.429, 97
Trd, 2591515.929, 108
Trd, 2591517.179, 98
Trd, 2591517.979, 101
Trd, 2591518.629, 93
Trd, 2591518.996, 94
Trd, 2591520.696, 94
Trd, 2591521.146, 94
Trd, 2591521.279, 93
Trd, 2591521.463, 94
Trd, 2591521.896, 96
Trd, 2591522.196, 97
Trd, 2591522.379, 98
Trd, 2591522.713, 98
Trd, 2591522.813, 97
Trd, 2591523.929, 101
Trd, 2591524.496, 81
Trd, 2591524.513, 108
Trd, 2591525.446, 94
Trd, 2591526.063, 86
Trd, 2591526.163, 105
Trd, 2591526.729, 83
Trd, 2591527.746, 84
Trd, 2591528.879, 105
Trd, 2591531.613, 95
Trd, 2591532.063, 95
Trd, 2591532.263, 94
Trd, 2591532.546, 96
Trd, 2591533.279, 96
Trd, 2591533.963, 83
Trd, 2591534.313, 92
Trd, 2591534.929, 87
Trd, 2591535.113, 92
Trd, 2591535.229, 91
Trd, 2591535.513, 93
Trd, 2591535.779, 107
Trd, 2591537.113, 96
Trd, 2591537.963, 83
Trd, 2591538.529, 85
Trd, 2591539.046, 83
Trd, 2591539.113, 86
Trd, 2591541.063, 91
Trd, 2591541.196, 93
Trd, 2591542.313, 93
Trd, 2591542.896, 95
Trd, 2591543.213, 102
Trd, 2591543.929, 104
Trd, 2591545.979, 90
Trd, 2591546.246, 92
Trd, 2591547.129, 94
Trd, 2591547.146, 89
Trd, 2591547.329, 94
Trd, 2591548.813, 104
Trd, 2591550.246, 99
Trd, 2591550.896, 100
Trd, 2591550.913, 99
Trd, 2591551.563, 100
Trd, 2591551.863, 100
Trd, 2591552.146, 101
Trd, 2591553.729, 98
Trd, 2591553.763, 102
Trd, 2591556.546, 102
Trd, 2591556.663, 100
Trd, 2591556.879, 104
Trd, 2591556.946, 83
Trd, 2591558.179, 105
Trd, 2591559.163, 105
Trd, 2591559.279, 100
Trd, 2591559.613, 105
Trd, 2591561.163, 101
Trd, 2591561.546, 102
Trd, 2591561.613, 102
Trd, 2591561.629, 100
Trd, 2591562.813, 102
Trd, 2591562.929, 109
Trd, 2591563.146, 113
Trd, 2591563.646, 99
Trd, 2591564.013, 108
Trd, 2591564.246, 118
Trd, 2591564.396, 98
Trd, 2591566.263, 94
Trd, 2591568.346, 90
Trd, 2591570.146, 93
Trd, 2591570.229, 93
Trd, 2591570.663, 92
Trd, 2591571.163, 92
Trd, 2591571.846, 93
Trd, 2591572.129, 94
Trd, 2591572.329, 97
Trd, 2591573.829, 83
Trd, 2591574.129, 87
Trd, 2591574.279, 85
Trd, 2591575.246, 84
Trd, 2591575.496, 85
Trd, 2591577.246, 87
Trd, 2591578.896, 91
Trd, 2591579.296, 91
Trd, 2591579.929, 94
Trd, 2591580.179, 98
Trd, 2591580.213, 93
Trd, 2591580.513, 105
Trd, 2591580.546, 106
Trd, 2591581.763, 99
Trd, 2591582.913, 99
Trd, 2591583.079, 100
Trd, 2591583.629, 100
Trd, 2591584.163, 100
Trd, 2591584.696, 98
Trd, 2591585.029, 97
Trd, 2591585.629, 95
Trd, 2591586.129, 95
Trd, 2591586.663, 93
Trd, 2591586.879, 95
Trd, 2591586.963, 94
Trd, 2591587.713, 99
Trd, 2591587.846, 108
Trd, 2591589.863, 102
Trd, 2591590.179, 84
Trd, 2591590.363, 83
Trd, 2591590.996, 110
Trd, 2591592.613, 104
Trd, 2591593.596, 94
Trd, 2591593.963, 96
Trd, 2591594.779, 81
Trd, 2591595.596, 101
Trd, 2591596.713, 94
Trd, 2591596.813, 94
Trd, 2591597.746, 92
Trd, 2591598.013, 91
Trd, 2591598.546, 91
Trd, 2591598.996, 92
Trd, 2591599.329, 100
Trd, 2591599.629, 88
Trd, 2591599.646, 105
Trd, 2591600.629, 89
Trd, 2591602.229, 108
Trd, 2591602.679, 115
Trd, 2591604.096, 108
Trd, 2591604.496, 103
Trd, 2591606.579, 96
Trd, 2591606.713, 93
Trd, 2591607.263, 98
Trd, 2591607.963, 83
Trd, 2591609.296, 84
Trd, 2591609.546, 95
Trd, 2591610.213, 97
Trd, 2591611.496, 91
Trd, 2591611.579, 91
Trd, 2591611.596, 92
Trd, 2591612.046, 107
Trd, 2591612.246, 108
Trd, 2591613.679, 102
Trd, 2591613.746, 99
Trd, 2591614.996, 100
Trd, 2591615.163, 100
Trd, 2591615.663, 98
Trd, 2591617.996, 98
Trd, 2591618.013, 94
Trd, 2591618.446, 106
Trd, 2591620.079, 99
Trd, 2591620.613, 97
Trd, 2591620.663, 93
Trd, 2591620.996, 96
Trd, 2591621.979, 82
Trd, 2591623.296, 90
Trd, 2591623.313, 91
Trd, 2591623.596, 90
Trd, 2591624.063, 91
Trd, 2591625.279, 81
Trd, 2591625.629, 80
Trd, 2591625.846, 94
Trd, 2591625.913, 98
Trd, 2591626.463, 96
Trd, 2591626.813, 82
Trd, 2591627.429, 105
Trd, 2591628.613, 86
Trd, 2591628.896, 87
Trd, 2591629.063, 81
Trd, 2591629.279, 84
Trd, 2591632.079, 89
Trd, 2591632.829, 90
Trd, 2591633.146, 90
Trd, 2591634.146, 89
Trd, 2591635.413, 93
Trd, 2591635.763, 93
Trd, 2591635.813, 92
Trd, 2591636.146, 94
Trd, 2591637.479, 96
Trd, 2591638.429, 97
Trd, 2591638.713, 81
Trd, 2591639.563, 105
Trd, 2591640.879, 98
Trd, 2591640.896, 106
Trd, 2591641.946, 98
Trd, 2591643.463, 102
Trd, 2591643.996, 103
Trd, 2591644.029, 101
Trd, 2591644.113, 100
Trd, 2591644.213, 98
Trd, 2591644.896, 94
Trd, 2591646.296, 97
Trd, 2591646.346, 98
Trd, 2591646.746, 98
Trd, 2591646.796, 99
Trd, 2591647.096, 85
Trd, 2591647.179, 105
Trd, 2591647.379, 108
Trd, 2591648.279, 107
Trd, 2591650.713, 103
Trd, 2591651.263, 103
Trd, 2591653.413, 103
Trd, 2591653.579, 104
Trd, 2591653.663, 103
Trd, 2591653.929, 105
Trd, 2591654.213, 108
Trd, 2591655.646, 102
Trd, 2591655.996, 103
Trd, 2591656.596, 105
Trd, 2591656.946, 106
Trd, 2591657.713, 107
Trd, 2591657.763, 109
Trd, 2591658.796, 109
Trd, 2591660.213, 110
Trd, 2591660.246, 106
Trd, 2591661.429, 107
Trd, 2591661.563, 106
Trd, 2591661.763, 94
Trd, 2591662.163, 89
Trd, 2591662.513, 83
Trd, 2591662.813, 101
Trd, 2591664.163, 80
Trd, 2591665.463, 95
Trd, 2591666.196, 95
Trd, 2591666.846, 97
Trd, 2591667.146, 97
Trd, 2591667.413, 98
Trd, 2591667.529, 107
Trd, 2591668.129, 96
Trd, 2591668.246, 112
Trd, 2591670.529, 104
Trd, 2591670.596, 104
Trd, 2591671.429, 105
Trd, 2591671.529, 94
Trd, 2591671.546, 94
Trd, 2591671.829, 107
Trd, 2591673.729, 89
Trd, 2591674.879, 95
Trd, 2591674.946, 96
Trd, 2591677.396, 101
Trd, 2591678.079, 100
Trd, 2591678.213, 100
Trd, 2591678.246, 101
Trd, 2591679.296, 94
Trd, 2591679.579, 92
Trd, 2591679.663, 83
Trd, 2591680.079, 81
Trd, 2591680.429, 99
Trd, 2591682.129, 96
Trd, 2591682.829, 95
Trd, 2591683.013, 94
Trd, 2591683.863, 99
Trd, 2591684.113, 108
Trd, 2591684.246, 98
Trd, 2591684.813, 82
Trd, 2591686.313, 87
Trd, 2591686.863, 97
Trd, 2591687.029, 98
Trd, 2591687.963, 96
Trd, 2591688.279, 95
Trd, 2591688.446, 96
Trd, 2591689.546, 91
Trd, 2591689.763, 92
Trd, 2591690.529, 86
Trd, 2591691.013, 106
Trd, 2591691.829, 111
Trd, 2591694.263, 93
Trd, 2591694.929, 107
Trd, 2591695.513, 106
Trd, 2591695.896, 83
Trd, 2591697.113, 95
Trd, 2591697.279, 96
Trd, 2591697.579, 93
Trd, 2591698.446, 96
Trd, 2591700.713, 94
Trd, 2591700.996, 95
Trd, 2591701.046, 101
Trd, 2591701.396, 92
Trd, 2591701.779, 107
Trd, 2591702.496, 104
Trd, 2591702.913, 92
Trd, 2591705.396, 88
Trd, 2591705.713, 88
Trd, 2591706.229, 87
Trd, 2591706.346, 89
Trd, 2591706.413, 95
Trd, 2591706.729, 98
Trd, 2591707.396, 94
Trd, 2591707.663, 107
Trd, 2591710.279, 105
Trd, 2591710.563, 94
Trd, 2591710.929, 90
Trd, 2591711.913, 100
Trd, 2591712.746, 99
Trd, 2591712.863, 99
Trd, 2591712.896, 98
Trd, 2591713.063, 100
Trd, 2591714.029, 95
Trd, 2591714.063, 99
Trd, 2591714.913, 95
Trd, 2591715.146, 93
Trd, 2591715.496, 97
Trd, 2591716.046, 93
Trd, 2591718.013, 86
Trd, 2591718.179, 95
Trd, 2591718.629, 106
Trd, 2591720.113, 106
Trd, 2591720.463, 93
Trd, 2591720.813, 104
Trd, 2591721.029, 112
Trd, 2591721.563, 118
Trd, 2591723.779, 114
Trd, 2591724.479, 116
Trd, 2591724.913, 112
Trd, 2591726.363, 95
Trd, 2591726.479, 83
Trd, 2591726.946, 82
Trd, 2591727.629, 92
Trd, 2591728.546, 81
Trd, 2591728.963, 93
Trd, 2591729.646, 93
Trd, 2591731.179, 92
Trd, 2591731.346, 92
Trd, 2591731.646, 97
Trd, 2591732.196, 93
Trd, 2591732.579, 96
Trd, 2591733.679, 99
Trd, 2591733.813, 106
Trd, 2591733.979, 98
Trd, 2591734.263, 108
Trd, 2591734.463, 109
Trd, 2591736.213, 98
Trd, 2591737.713, 99
Trd, 2591738.279, 106
Trd, 2591740.979, 98
Trd, 2591741.263, 99
Trd, 2591741.629, 100
Trd, 2591741.879, 101
Trd, 2591742.313, 99
Trd, 2591742.363, 94
Trd, 2591743.679, 104
Trd, 2591743.879, 105
Trd, 2591744.313, 83
Trd, 2591744.529, 105
Trd, 2591745.479, 106
Trd, 2591746.413, 97
Trd, 2591749.029, 102
Trd, 2591750.579, 102
Trd, 2591750.713, 101
Trd, 2591751.146, 99
Trd, 2591751.229, 94
Trd, 2591751.263, 89
Trd, 2591752.129, 96
Trd, 2591752.563, 96
Trd, 2591752.613, 85
Trd, 2591753.263, 85
Trd, 2591753.363, 95
Trd, 2591753.979, 95
Trd, 2591754.113, 96
Trd, 2591754.896, 94
Trd, 2591756.813, 92
Trd, 2591756.846, 95
Trd, 2591757.079, 94
Trd, 2591759.213, 97
Trd, 2591759.446, 97
Trd, 2591759.829, 97
Trd, 2591759.963, 99
Trd, 2591760.329, 105
Trd, 2591760.479, 106
Trd, 2591761.579, 100
Trd, 2591761.696, 98
Trd, 2591763.029, 99
Trd, 2591763.163, 98
Trd, 2591763.263, 100
Trd, 2591764.729, 98
Trd, 2591765.863, 96
Trd, 2591766.196, 93
Trd, 2591766.529, 95
Trd, 2591767.746, 93
Trd, 2591767.929, 79
Trd, 2591768.813, 90
Trd, 2591770.896, 88
Trd, 2591770.913, 87
Trd, 2591770.996, 85
Trd, 2591771.913, 90
Trd, 2591772.513, 91
Trd, 2591773.179, 95
Trd, 2591773.213, 91
Trd, 2591773.296, 95
Trd, 2591773.796, 105
Trd, 2591774.746, 93
Trd, 2591774.863, 94
Trd, 2591775.063, 108
Trd, 2591777.113, 98
Trd, 2591777.163, 97
Trd, 2591779.396, 105
Trd, 2591779.763, 104
Trd, 2591780.379, 92
Trd, 2591780.396, 91
Trd, 2591780.746, 83
Trd, 2591781.696, 101
Trd, 2591782.663, 97
Trd, 2591782.696, 98
Trd, 2591782.963, 102
Trd, 2591783.746, 107
Trd, 2591784.129, 105
Trd, 2591784.313, 104
Trd, 2591784.729, 98
Trd, 2591785.979, 99
Trd, 2591786.529, 99
Trd, 2591787.479, 100
Trd, 2591788.679, 107
Trd, 2591789.263, 94
Trd, 2591789.279, 83
Trd, 2591790.846, 97
Trd, 2591791.479, 85
Trd, 2591792.096, 105
Trd, 2591792.546, 88
Trd, 2591792.929, 103
Trd, 2591793.013, 112
Trd, 2591793.163, 102
Trd, 2591796.129, 100
Trd, 2591796.429, 94
Trd, 2591797.146, 99
Trd, 2591797.513, 98
Trd, 2591797.846, 99
Trd, 2591798.013, 92
Trd, 2591799.296, 96
Trd, 2591799.696, 96
Trd, 2591800.196, 99
Trd, 2591801.029, 98
Trd, 2591801.329, 98
Trd, 2591802.113, 98
Trd, 2591802.813, 97
Trd, 2591803.163, 97
Trd, 2591803.746, 97
Trd, 2591804.529, 101
Trd, 2591805.013, 104
Trd, 2591805.763, 104
Trd, 2591805.946, 102
Trd, 2591807.396, 97
Trd, 2591807.979, 98
Trd, 2591808.996, 98
Trd, 2591809.263, 99
Trd, 2591810.679, 103
Trd, 2591810.846, 102
Trd, 2591811.796, 103
Trd, 2591812.413, 93
Trd, 2591813.779, 97
Trd, 2591813.929, 98
Trd, 2591814.463, 104
Trd, 2591814.679, 97
Trd, 2591815.246, 97
Trd, 2591815.296, 104
Trd, 2591816.046, 103
Trd, 2591816.813, 100
Trd, 2591819.213, 95
Trd, 2591819.946, 95
Trd, 2591821.113, 105
Trd, 2591821.213, 96
Trd, 2591821.563, 105
Trd, 2591822.079, 94
Trd, 2591822.229, 93
Trd, 2591823.013, 96
Trd, 2591823.196, 96
Trd, 2591823.829, 95
Trd, 2591824.613, 98
Trd, 2591824.663, 81
Trd, 2591826.229, 95
Trd, 2591828.063, 105
Trd, 2591828.429, 108
Trd, 2591828.679, 115
Trd, 2591829.229, 100
Trd, 2591830.079, 101
Trd, 2591830.146, 105
Trd, 2591830.563, 106
Trd, 2591831.696, 104
Trd, 2591831.979, 104
Trd, 2591832.413, 103
Trd, 2591833.229, 103
Trd, 2591833.413, 104
Trd, 2591834.763, 100
Trd, 2591835.129, 102
Trd, 2591835.979, 99
Trd, 2591836.096, 98
Trd, 2591836.763, 99
Trd, 2591838.329, 97
Trd, 2591839.546, 103
Trd, 2591839.929, 102
Trd, 2591840.629, 99
Trd, 2591841.129, 93
Trd, 2591842.196, 95
Trd, 2591842.329, 97
Trd, 2591842.396, 94
Trd, 2591842.663, 103
Trd, 2591842.696, 108
Trd, 2591842.846, 87
Trd, 2591845.429, 102
Trd, 2591846.629, 101
Trd, 2591847.146, 98
Trd, 2591848.329, 93
Trd, 2591849.096, 98
Trd, 2591849.113, 96
Trd, 2591849.746, 98
Trd, 2591850.013, 97
Trd, 2591850.879, 97
Trd, 2591850.913, 98
Trd, 2591852.313, 95
Trd, 2591852.596, 94
Trd, 2591852.779, 93
Trd, 2591853.096, 95
Trd, 2591853.296, 91
Trd, 2591854.279, 92
Trd, 2591856.196, 101
Trd, 2591857.629, 97
Trd, 2591858.079, 101
Trd, 2591858.563, 100
Trd, 2591859.813, 101
Trd, 2591860.196, 104
Trd, 2591860.413, 103
Trd, 2591860.729, 105
Trd, 2591861.629, 103
Trd, 2591862.379, 107
Trd, 2591862.663, 107
Trd, 2591863.463, 101
Trd, 2591863.479, 94
Trd, 2591865.029, 87
Trd, 2591865.746, 87
Trd, 2591866.113, 88
Trd, 2591866.296, 83
Trd, 2591866.646, 89
Trd, 2591867.429, 86
Trd, 2591867.963, 85
Trd, 2591868.679, 85
Trd, 2591868.779, 91
Trd, 2591868.879, 101
Trd, 2591869.079, 101
Trd, 2591870.313, 92
Trd, 2591870.996, 88
Trd, 2591871.279, 100
Trd, 2591874.363, 103
Trd, 2591875.113, 102
Trd, 2591875.746, 104
Trd, 2591876.079, 100
Trd, 2591876.579, 94
Trd, 2591877.746, 95
Trd, 2591878.629, 97
Trd, 2591879.413, 96
Trd, 2591879.846, 92
Trd, 2591880.196, 86
Trd, 2591880.479, 84
Trd, 2591880.896, 90
Trd, 2591881.046, 91
Trd, 2591883.163, 84
Trd, 2591883.263, 88
Trd, 2591883.746, 89
Trd, 2591883.829, 90
Trd, 2591884.096, 96
Trd, 2591884.713, 98
Trd, 2591886.263, 94
Trd, 2591887.013, 94
Trd, 2591887.129, 94
Trd, 2591887.846, 85
Trd, 2591888.663, 92
Trd, 2591889.396, 85
Trd, 2591890.129, 83
Trd, 2591890.763, 83
Trd, 2591890.796, 84
Trd, 2591891.246, 84
Trd, 2591891.663, 91
Trd, 2591892.729, 98
Trd, 2591892.763, 83
Trd, 2591893.263, 105
Trd, 2591893.346, 82
Trd, 2591893.463, 81
Trd, 2591894.429, 106
Trd, 2591895.313, 108
Trd, 2591895.646, 117
Trd, 2591898.129, 102
Trd, 2591899.129, 98
Trd, 2591900.129, 98
Trd, 2591900.446, 95
Trd, 2591900.579, 97
Trd, 2591901.063, 95
Trd, 2591901.563, 95
Trd, 2591901.963, 95
Trd, 2591902.213, 94
Trd, 2591902.363, 88
Trd, 2591902.379, 84
Trd, 2591902.596, 99
Trd, 2591902.813, 84
Trd, 2591902.829, 108
Trd, 2591905.579, 96
Trd, 2591907.413, 109
Trd, 2591907.846, 99
Trd, 2591908.879, 105
Trd, 2591909.129, 106
Trd, 2591909.529, 104
Trd, 2591909.546, 106
Trd, 2591910.179, 106
Trd, 2591912.529, 104
Trd, 2591912.913, 103
Trd, 2591913.396, 102
Trd, 2591913.896, 104
Trd, 2591914.896, 106
Trd, 2591915.713, 105
Trd, 2591915.779, 104
Trd, 2591916.379, 106
Trd, 2591917.563, 98
Trd, 2591918.063, 95
Trd, 2591918.079, 107
Trd, 2591919.829, 99
Trd, 2591919.913, 98
Trd, 2591921.246, 94
Trd, 2591922.113, 96
Trd, 2591922.246, 95
Trd, 2591922.363, 96
Trd, 2591923.429, 106
Trd, 2591923.446, 106
Trd, 2591923.463, 95
Trd, 2591924.763, 106
Trd, 2591925.029, 105
Trd, 2591925.129, 105
Trd, 2591925.746, 106
Trd, 2591926.196, 94
Trd, 2591927.946, 105
Trd, 2591928.563, 103
Trd, 2591928.879, 103
Trd, 2591928.963, 105
Trd, 2591929.329, 102
Trd, 2591930.163, 97
Trd, 2591932.213, 94
Trd, 2591933.263, 101
Trd, 2591933.913, 86
Trd, 2591933.963, 101
Trd, 2591934.646, 95
Trd, 2591935.713, 101
Trd, 2591936.396, 101
Trd, 2591937.396, 103
Trd, 2591937.746, 102
Trd, 2591937.996, 103
Trd, 2591938.879, 106
Trd, 2591939.113, 106
Trd, 2591939.496, 111
Trd, 2591939.896, 108
Trd, 2591941.029, 114
Trd, 2591941.563, 108
Trd, 2591941.979, 105
Trd, 2591944.113, 97
Trd, 2591944.146, 112
Trd, 2591944.796, 108
Trd, 2591945.429, 106
Trd, 2591946.046, 107
Trd, 2591946.129, 108
Trd, 2591946.413, 94
Trd, 2591948.763, 107
Trd, 2591950.229, 111
Trd, 2591950.696, 99
Trd, 2591950.863, 99
Trd, 2591951.013, 100
Trd, 2591951.496, 99
Trd, 2591951.646, 98
Trd, 2591952.929, 102
Trd, 2591953.146, 102
Trd, 2591953.313, 104
Trd, 2591954.246, 104
Trd, 2591955.046, 104
Trd, 2591955.613, 102
Trd, 2591955.829, 101
Trd, 2591957.513, 95
Trd, 2591958.129, 107
Trd, 2591958.513, 94
Trd, 2591959.229, 83
Trd, 2591959.346, 84
Trd, 2591960.063, 112
Trd, 2591961.913, 105
Trd, 2591963.729, 98
Trd, 2591964.096, 99
Trd, 2591964.396, 98
Trd, 2591964.613, 101
Trd, 2591966.229, 104
Trd, 2591966.479, 104
Trd, 2591967.179, 108
Trd, 2591967.963, 102
Trd, 2591968.679, 112
Trd, 2591968.796, 105
Trd, 2591969.646, 112
Trd, 2591970.863, 99
Trd, 2591971.646, 96
Trd, 2591972.329, 96
Trd, 2591973.179, 107
Trd, 2591973.546, 97
Trd, 2591974.179, 107
Trd, 2591975.196, 105
Trd, 2591975.429, 101
Trd, 2591976.213, 100
Trd, 2591976.963, 98
Trd, 2591977.213, 97
Trd, 2591977.246, 94
Trd, 2591978.246, 87
Trd, 2591978.613, 94
Trd, 2591980.396, 84
Trd, 2591981.496, 91
Trd, 2591981.963, 90
Trd, 2591982.079, 91
Trd, 2591982.146, 92
Trd, 2591982.663, 96
Trd, 2591984.663, 104
Trd, 2591985.013, 104
Trd, 2591985.079, 102
Trd, 2591985.779, 99
Trd, 2591985.813, 100
Trd, 2591986.429, 98
Trd, 2591986.913, 94
Trd, 2591987.896, 107
Trd, 2591989.046, 88
Trd, 2591989.079, 108
Trd, 2591989.129, 108
Trd, 2591989.846, 98
Trd, 2591990.913, 97
Trd, 2591991.729, 100
Trd, 2591992.046, 99
Trd, 2591992.996, 107
Trd, 2591993.063, 108
Trd, 2591994.546, 106
Trd, 2591994.996, 105
Trd, 2591997.246, 99
Trd, 2591997.646, 88
Trd, 2591997.729, 100
