Trd, 2590637.879, 115
Trd, 2590638.979, 94
Trd, 2590639.296, 91
Trd, 2590640.063, 101
Trd, 2590640.563, 107
Trd, 2590640.729, 97
Trd, 2590640.863, 96
Trd, 2590644.629, 114
Trd, 2590644.963, 91
Trd, 2590645.379, 92
Trd, 2590646.363, 93
Trd, 2590647.629, 91
Trd, 2590647.879, 93
Trd, 2590647.913, 102
Trd, 2590648.096, 108
Trd, 2590649.496, 114
Trd, 2590649.663, 86
Trd, 2590651.013, 102
Trd, 2590651.096, 108
Trd, 2590652.129, 91
Trd, 2590654.029, 101
Trd, 2590654.146, 89
Trd, 2590654.679, 93
Trd, 2590654.929, 94
Trd, 2590655.413, 89
Trd, 2590655.879, 97
Trd, 2590656.463, 110
Trd, 2590656.913, 93
Trd, 2590657.696, 105
Trd, 2590657.946, 96
Trd, 2590660.313, 95
Trd, 2590661.029, 93
Trd, 2590661.329, 109
Trd, 2590662.013, 100
Trd, 2590664.446, 109
Trd, 2590664.529, 97
Trd, 2590664.796, 117
Trd, 2590665.163, 113
Trd, 2590665.746, 91
Trd, 2590666.879, 116
Trd, 2590668.046, 95
Trd, 2590668.529, 96
Trd, 2590668.696, 98
Trd, 2590669.413, 95
Trd, 2590670.246, 116
Trd, 2590672.063, 108
Trd, 2590672.346, 108
Trd, 2590672.763, 113
Trd, 2590672.996, 105
Trd, 2590673.329, 97
Trd, 2590673.596, 121
Trd, 2590673.813, 96
Trd, 2590675.713, 96
Trd, 2590676.129, 91
Trd, 2590680.096, 95
Trd, 2590680.646, 92
Trd, 2590680.679, 108
Trd, 2590681.363, 98
Trd, 2590681.613, 98
Trd, 2590682.713, 96
Trd, 2590683.463, 106
Trd, 2590685.629, 105
Trd, 2590685.696, 116
Trd, 2590685.779, 123
Trd, 2590685.913, 98
Trd, 2590686.229, 125
Trd, 2590686.629, 98
Trd, 2590686.929, 91
Trd, 2590688.946, 101
Trd, 2590689.146, 102
Trd, 2590689.429, 100
Trd, 2590690.813, 91
Trd, 2590691.746, 94
Trd, 2590692.546, 81
Trd, 2590693.063, 89
Trd, 2590693.663, 84
Trd, 2590693.746, 93
Trd, 2590694.179, 107
Trd, 2590694.629, 112
Trd, 2590694.679, 106
Trd, 2590694.996, 105
Trd, 2590695.546, 104
Trd, 2590695.746, 97
Trd, 2590696.829, 108
Trd, 2590696.929, 96
Trd, 2590698.013, 99
Trd, 2590699.996, 97
Trd, 2590700.313, 101
Trd, 2590700.346, 101
Trd, 2590701.313, 110
Trd, 2590701.763, 99
Trd, 2590702.846, 95
Trd, 2590703.546, 98
Trd, 2590703.929, 95
Trd, 2590707.213, 96
Trd, 2590707.579, 96
Trd, 2590707.779, 94
Trd, 2590708.063, 90
Trd, 2590708.946, 92
Trd, 2590710.346, 109
Trd, 2590711.329, 107
Trd, 2590711.346, 103
Trd, 2590712.829, 103
Trd, 2590712.979, 92
Trd, 2590713.029, 112
Trd, 2590714.013, 92
Trd, 2590714.613, 98
Trd, 2590715.996, 100
Trd, 2590717.079, 96
Trd, 2590718.546, 109
Trd, 2590719.029, 103
Trd, 2590719.079, 102
Trd, 2590719.213, 101
Trd, 2590719.963, 108
Trd, 2590720.579, 103
Trd, 2590722.413, 96
Trd, 2590722.513, 101
Trd, 2590723.146, 102
Trd, 2590723.246, 90
Trd, 2590723.396, 90
Trd, 2590724.113, 93
Trd, 2590724.413, 94
Trd, 2590724.679, 105
Trd, 2590725.279, 114
Trd, 2590725.596, 112
Trd, 2590726.546, 86
Trd, 2590727.163, 93
Trd, 2590728.413, 116
Trd, 2590729.446, 105
Trd, 2590731.263, 106
Trd, 2590733.329, 91
Trd, 2590733.629, 111
Trd, 2590735.013, 84
Trd, 2590736.529, 91
Trd, 2590736.913, 91
Trd, 2590737.013, 108
Trd, 2590737.363, 91
Trd, 2590737.763, 84
Trd, 2590737.829, 77
Trd, 2590738.063, 102
Trd, 2590738.513, 114
Trd, 2590738.679, 91
Trd, 2590738.763, 121
Trd, 2590738.929, 87
Trd, 2590741.279, 95
Trd, 2590743.029, 87
Trd, 2590743.963, 98
Trd, 2590744.296, 101
Trd, 2590745.113, 87
Trd, 2590745.196, 90
Trd, 2590746.713, 95
Trd, 2590746.913, 106
Trd, 2590747.329, 106
Trd, 2590747.396, 94
Trd, 2590749.729, 112
Trd, 2590750.779, 107
Trd, 2590750.796, 115
Trd, 2590751.279, 105
Trd, 2590753.246, 118
Trd, 2590753.679, 113
Trd, 2590753.746, 104
Trd, 2590754.096, 98
Trd, 2590754.229, 114
Trd, 2590755.463, 105
Trd, 2590756.013, 122
Trd, 2590756.613, 101
Trd, 2590758.313, 88
Trd, 2590758.763, 88
Trd, 2590760.346, 98
Trd, 2590760.563, 102
Trd, 2590761.679, 100
Trd, 2590764.146, 110
Trd, 2590764.196, 109
Trd, 2590765.113, 106
Trd, 2590765.696, 108
Trd, 2590767.546, 106
Trd, 2590767.979, 104
Trd, 2590768.929, 110
Trd, 2590769.013, 105
Trd, 2590770.063, 100
Trd, 2590770.329, 90
Trd, 2590771.446, 107
Trd, 2590771.929, 106
Trd, 2590771.996, 93
Trd, 2590773.163, 89
Trd, 2590773.429, 89
Trd, 2590773.613, 90
Trd, 2590773.863, 88
Trd, 2590773.996, 101
Trd, 2590774.313, 86
Trd, 2590774.963, 87
Trd, 2590776.196, 118
Trd, 2590777.463, 97
Trd, 2590777.963, 105
Trd, 2590778.913, 99
Trd, 2590779.196, 98
Trd, 2590779.563, 114
Trd, 2590780.696, 95
Trd, 2590781.779, 92
Trd, 2590782.129, 89
Trd, 2590782.463, 86
Trd, 2590784.596, 92
Trd, 2590785.363, 101
Trd, 2590785.529, 92
Trd, 2590785.546, 107
Trd, 2590787.213, 109
Trd, 2590787.413, 115
Trd, 2590789.063, 110
Trd, 2590789.963, 106
Trd, 2590790.046, 105
Trd, 2590790.479, 104
Trd, 2590791.379, 97
Trd, 2590792.113, 98
Trd, 2590793.346, 102
Trd, 2590794.363, 106
Trd, 2590795.696, 90
Trd, 2590795.996, 95
Trd, 2590796.263, 110
Trd, 2590796.796, 103
Trd, 2590797.729, 112
Trd, 2590797.929, 96
Trd, 2590798.979, 95
Trd, 2590800.863, 97
Trd, 2590801.246, 95
Trd, 2590802.013, 95
Trd, 2590803.479, 95
Trd, 2590803.679, 93
Trd, 2590804.146, 96
Trd, 2590804.279, 90
Trd, 2590805.196, 105
Trd, 2590806.396, 106
Trd, 2590807.013, 104
Trd, 2590807.046, 112
Trd, 2590807.213, 96
Trd, 2590807.363, 96
Trd, 2590808.079, 92
Trd, 2590809.379, 80
Trd, 2590810.513, 100
Trd, 2590810.613, 87
Trd, 2590811.463, 81
Trd, 2590811.996, 110
Trd, 2590814.246, 100
Trd, 2590814.929, 117
Trd, 2590815.579, 105
Trd, 2590815.646, 118
Trd, 2590816.446, 104
Trd, 2590816.913, 102
Trd, 2590817.129, 96
Trd, 2590817.413, 104
Trd, 2590818.063, 93
Trd, 2590819.029, 91
Trd, 2590819.363, 112
Trd, 2590821.946, 94
Trd, 2590822.163, 90
Trd, 2590823.479, 91
Trd, 2590825.196, 96
Trd, 2590826.013, 94
Trd, 2590826.146, 101
Trd, 2590827.796, 113
Trd, 2590828.763, 102
Trd, 2590830.046, 97
Trd, 2590830.163, 92
Trd, 2590830.196, 91
Trd, 2590830.379, 100
Trd, 2590830.413, 114
Trd, 2590831.013, 120
Trd, 2590831.896, 108
Trd, 2590833.663, 110
Trd, 2590833.929, 116
Trd, 2590836.529, 112
Trd, 2590836.679, 108
Trd, 2590838.246, 107
Trd, 2590838.679, 105
Trd, 2590838.746, 104
Trd, 2590838.863, 111
Trd, 2590840.496, 95
Trd, 2590841.063, 93
Trd, 2590841.446, 100
Trd, 2590841.479, 87
Trd, 2590841.613, 101
Trd, 2590843.963, 99
Trd, 2590844.479, 103
Trd, 2590844.863, 114
Trd, 2590847.029, 111
Trd, 2590847.329, 107
Trd, 2590847.396, 112
Trd, 2590847.863, 105
Trd, 2590848.063, 98
Trd, 2590849.079, 92
Trd, 2590849.663, 92
Trd, 2590849.896, 92
Trd, 2590850.729, 112
Trd, 2590852.629, 109
Trd, 2590853.029, 112
Trd, 2590853.579, 121
Trd, 2590853.896, 106
Trd, 2590855.713, 97
Trd, 2590858.079, 99
Trd, 2590858.163, 97
Trd, 2590859.996, 96
Trd, 2590860.096, 95
Trd, 2590860.146, 94
Trd, 2590860.429, 101
Trd, 2590861.279, 92
Trd, 2590862.679, 101
Trd, 2590863.246, 87
Trd, 2590864.496, 94
Trd, 2590864.729, 94
Trd, 2590867.046, 81
Trd, 2590867.779, 96
Trd, 2590867.996, 97
Trd, 2590868.046, 97
Trd, 2590868.129, 95
Trd, 2590868.496, 92
Trd, 2590868.763, 98
Trd, 2590868.863, 102
Trd, 2590869.429, 89
Trd, 2590870.446, 104
Trd, 2590872.996, 100
Trd, 2590873.929, 98
Trd, 2590873.996, 102
Trd, 2590874.329, 97
Trd, 2590875.196, 104
Trd, 2590876.996, 98
Trd, 2590877.429, 95
Trd, 2590877.879, 111
Trd, 2590878.029, 94
Trd, 2590878.096, 93
Trd, 2590880.196, 104
Trd, 2590881.779, 109
Trd, 2590882.346, 111
Trd, 2590883.763, 105
Trd, 2590884.546, 98
Trd, 2590884.979, 91
Trd, 2590886.196, 91
Trd, 2590886.496, 96
Trd, 2590887.246, 104
Trd, 2590887.646, 114
Trd, 2590889.729, 94
Trd, 2590889.979, 92
Trd, 2590890.013, 86
Trd, 2590890.579, 101
Trd, 2590890.596, 109
Trd, 2590892.879, 104
Trd, 2590893.246, 96
Trd, 2590893.463, 94
Trd, 2590894.096, 94
Trd, 2590895.379, 98
Trd, 2590895.413, 91
Trd, 2590895.746, 108
Trd, 2590896.663, 112
Trd, 2590898.513, 108
Trd, 2590898.629, 105
Trd, 2590898.879, 103
Trd, 2590898.896, 110
Trd, 2590899.379, 109
Trd, 2590900.579, 91
Trd, 2590900.613, 90
Trd, 2590901.946, 102
Trd, 2590904.063, 101
Trd, 2590904.329, 105
Trd, 2590905.196, 98
Trd, 2590905.746, 102
Trd, 2590906.396, 106
Trd, 2590907.096, 105
Trd, 2590907.846, 96
Trd, 2590908.329, 93
Trd, 2590908.496, 106
Trd, 2590909.146, 115
Trd, 2590909.463, 94
Trd, 2590910.879, 120
Trd, 2590911.979, 99
Trd, 2590912.263, 98
Trd, 2590912.746, 118
Trd, 2590913.746, 112
Trd, 2590915.546, 103
Trd, 2590916.113, 91
Trd, 2590916.479, 110
Trd, 2590916.846, 105
Trd, 2590917.013, 91
Trd, 2590918.046, 98
Trd, 2590919.779, 110
Trd, 2590920.479, 103
Trd, 2590921.146, 115
Trd, 2590921.329, 109
Trd, 2590921.579, 109
Trd, 2590921.829, 114
Trd, 2590922.113, 108
Trd, 2590922.779, 106
Trd, 2590926.896, 102
Trd, 2590927.046, 94
Trd, 2590927.529, 91
Trd, 2590928.746, 104
Trd, 2590930.729, 107
Trd, 2590931.229, 106
Trd, 2590931.579, 104
Trd, 2590932.096, 99
Trd, 2590933.563, 93
Trd, 2590934.446, 98
Trd, 2590934.629, 97
Trd, 2590935.796, 97
Trd, 2590936.429, 109
Trd, 2590937.346, 99
Trd, 2590938.196, 96
Trd, 2590938.679, 99
Trd, 2590939.379, 94
Trd, 2590939.646, 91
Trd, 2590939.729, 89
Trd, 2590940.629, 100
Trd, 2590941.979, 104
Trd, 2590943.213, 87
Trd, 2590943.396, 99
Trd, 2590943.846, 112
Trd, 2590944.263, 86
Trd, 2590944.379, 91
Trd, 2590946.146, 92
Trd, 2590948.779, 88
Trd, 2590949.646, 85
Trd, 2590949.946, 86
Trd, 2590949.979, 92
Trd, 2590950.413, 95
Trd, 2590951.029, 88
Trd, 2590951.046, 87
Trd, 2590952.196, 90
Trd, 2590952.679, 85
Trd, 2590953.113, 85
Trd, 2590954.346, 97
Trd, 2590956.129, 108
Trd, 2590956.296, 107
Trd, 2590956.546, 109
Trd, 2590957.246, 105
Trd, 2590957.296, 104
Trd, 2590958.379, 112
Trd, 2590958.446, 103
Trd, 2590958.513, 97
Trd, 2590960.913, 94
Trd, 2590963.996, 106
Trd, 2590964.313, 85
Trd, 2590965.129, 83
Trd, 2590965.196, 108
Trd, 2590965.913, 104
Trd, 2590966.246, 111
Trd, 2590966.679, 112
Trd, 2590967.746, 99
Trd, 2590968.713, 117
Trd, 2590969.629, 94
Trd, 2590969.796, 114
Trd, 2590971.929, 115
Trd, 2590971.979, 108
Trd, 2590972.696, 111
Trd, 2590973.796, 113
Trd, 2590973.846, 101
Trd, 2590974.379, 100
Trd, 2590974.463, 99
Trd, 2590975.963, 99
Trd, 2590976.096, 98
Trd, 2590976.629, 101
Trd, 2590977.863, 99
Trd, 2590978.729, 110
Trd, 2590979.813, 102
Trd, 2590980.046, 102
Trd, 2590981.146, 108
Trd, 2590983.829, 94
Trd, 2590984.096, 105
Trd, 2590984.546, 112
Trd, 2590985.096, 93
Trd, 2590986.179, 104
Trd, 2590987.146, 108
Trd, 2590987.313, 98
Trd, 2590988.313, 97
Trd, 2590988.779, 94
Trd, 2590990.329, 114
Trd, 2590990.579, 95
Trd, 2590992.779, 92
Trd, 2590993.079, 90
Trd, 2590993.146, 95
Trd, 2590995.013, 109
Trd, 2590996.013, 88
Trd, 2590997.279, 105
Trd, 2590997.463, 104
Trd, 2590998.046, 99
Trd, 2590999.063, 94
Trd, 2590999.663, 101
Trd, 2591000.496, 116
Trd, 2591002.513, 103
Trd, 2591003.629, 105
Trd, 2591004.046, 108
Trd, 2591004.579, 98
Trd, 2591004.879, 108
Trd, 2591005.296, 94
Trd, 2591005.863, 93
Trd, 2591006.146, 114
Trd, 2591006.296, 92
Trd, 2591006.579, 85
Trd, 2591007.413, 93
Trd, 2591007.563, 97
Trd, 2591009.079, 106
Trd, 2591009.446, 112
Trd, 2591010.329, 105
Trd, 2591010.879, 116
Trd, 2591010.913, 90
Trd, 2591012.696, 107
Trd, 2591014.063, 107
Trd, 2591014.929, 104
Trd, 2591015.029, 122
Trd, 2591015.463, 95
Trd, 2591017.513, 97
Trd, 2591017.579, 93
Trd, 2591018.046, 101
Trd, 2591018.663, 94
Trd, 2591019.129, 93
Trd, 2591019.529, 90
Trd, 2591021.063, 97
Trd, 2591021.179, 95
Trd, 2591021.413, 104
Trd, 2591025.463, 86
Trd, 2591027.046, 98
Trd, 2591027.129, 97
Trd, 2591027.629, 109
Trd, 2591027.913, 98
Trd, 2591028.946, 102
Trd, 2591029.163, 113
Trd, 2591029.746, 102
Trd, 2591031.013, 104
Trd, 2591031.129, 102
Trd, 2591031.363, 114
Trd, 2591033.063, 93
Trd, 2591034.396, 90
Trd, 2591035.063, 92
Trd, 2591035.546, 90
Trd, 2591036.663, 91
Trd, 2591037.929, 86
Trd, 2591038.296, 108
Trd, 2591038.629, 109
Trd, 2591038.913, 107
Trd, 2591039.413, 86
Trd, 2591041.046, 101
Trd, 2591041.963, 97
Trd, 2591043.696, 112
Trd, 2591044.146, 103
Trd, 2591044.446, 101
Trd, 2591045.496, 101
Trd, 2591045.629, 96
Trd, 2591045.696, 93
Trd, 2591046.346, 90
Trd, 2591047.246, 83
Trd, 2591048.446, 109
Trd, 2591049.063, 94
Trd, 2591049.363, 114
Trd, 2591049.896, 105
Trd, 2591049.996, 93
Trd, 2591050.229, 117
Trd, 2591051.346, 125
Trd, 2591051.896, 88
Trd, 2591052.413, 113
Trd, 2591052.879, 85
Trd, 2591054.313, 95
Trd, 2591055.079, 95
Trd, 2591055.879, 92
Trd, 2591056.129, 115
Trd, 2591056.363, 91
Trd, 2591057.713, 108
Trd, 2591058.379, 107
Trd, 2591058.746, 116
Trd, 2591058.879, 117
Trd, 2591058.946, 105
Trd, 2591060.629, 87
Trd, 2591060.679, 95
Trd, 2591062.396, 86
Trd, 2591062.479, 85
Trd, 2591062.513, 85
Trd, 2591062.879, 116
Trd, 2591063.063, 92
Trd, 2591064.329, 101
Trd, 2591065.663, 125
Trd, 2591066.029, 99
Trd, 2591066.113, 113
Trd, 2591066.796, 113
Trd, 2591066.813, 95
Trd, 2591068.896, 123
Trd, 2591069.013, 115
Trd, 2591071.146, 104
Trd, 2591071.346, 97
Trd, 2591071.979, 97
Trd, 2591071.996, 96
Trd, 2591072.096, 97
Trd, 2591072.446, 108
Trd, 2591073.013, 103
Trd, 2591073.729, 104
Trd, 2591073.746, 90
Trd, 2591076.296, 91
Trd, 2591076.346, 86
Trd, 2591077.379, 100
Trd, 2591077.513, 122
Trd, 2591078.013, 88
Trd, 2591079.163, 90
Trd, 2591080.546, 109
Trd, 2591081.196, 81
Trd, 2591081.313, 114
Trd, 2591081.596, 100
Trd, 2591082.996, 114
Trd, 2591083.213, 101
Trd, 2591083.979, 109
Trd, 2591085.029, 108
Trd, 2591085.763, 108
Trd, 2591086.463, 110
Trd, 2591086.779, 106
Trd, 2591087.213, 112
Trd, 2591087.629, 104
Trd, 2591089.196, 103
Trd, 2591089.279, 102
Trd, 2591090.513, 94
Trd, 2591091.179, 108
Trd, 2591091.213, 114
Trd, 2591091.863, 100
Trd, 2591093.179, 108
Trd, 2591093.196, 116
Trd, 2591093.296, 90
Trd, 2591093.663, 79
Trd, 2591093.946, 92
Trd, 2591094.613, 82
Trd, 2591095.396, 84
Trd, 2591099.646, 99
Trd, 2591100.313, 100
Trd, 2591100.563, 99
Trd, 2591100.663, 98
Trd, 2591101.096, 110
Trd, 2591101.146, 108
Trd, 2591101.163, 117
Trd, 2591102.079, 108
Trd, 2591102.913, 119
Trd, 2591103.929, 108
Trd, 2591104.279, 116
Trd, 2591104.879, 100
Trd, 2591106.513, 105
Trd, 2591106.596, 104
Trd, 2591107.646, 104
Trd, 2591109.629, 116
Trd, 2591109.696, 94
Trd, 2591111.013, 103
Trd, 2591111.613, 101
Trd, 2591111.996, 92
Trd, 2591112.979, 90
Trd, 2591113.446, 87
Trd, 2591113.496, 97
Trd, 2591113.913, 102
Trd, 2591114.213, 88
Trd, 2591117.713, 109
Trd, 2591117.863, 103
Trd, 2591118.046, 94
Trd, 2591119.513, 110
Trd, 2591119.763, 91
Trd, 2591120.063, 86
Trd, 2591120.946, 108
Trd, 2591121.563, 109
Trd, 2591122.413, 102
Trd, 2591123.113, 90
Trd, 2591123.346, 90
Trd, 2591124.696, 110
Trd, 2591125.313, 98
Trd, 2591127.313, 96
Trd, 2591127.946, 112
Trd, 2591129.029, 94
Trd, 2591129.979, 106
Trd, 2591131.129, 105
Trd, 2591132.296, 98
Trd, 2591132.313, 97
Trd, 2591132.413, 102
Trd, 2591133.363, 91
Trd, 2591134.079, 102
Trd, 2591134.963, 96
Trd, 2591135.229, 98
Trd, 2591135.546, 105
Trd, 2591136.029, 111
Trd, 2591137.213, 110
Trd, 2591137.379, 120
Trd, 2591138.196, 92
Trd, 2591138.796, 110
Trd, 2591139.929, 106
Trd, 2591140.813, 112
Trd, 2591142.463, 104
Trd, 2591142.879, 97
Trd, 2591143.929, 109
Trd, 2591144.063, 93
Trd, 2591144.179, 95
Trd, 2591146.446, 104
Trd, 2591147.579, 112
Trd, 2591147.663, 91
Trd, 2591150.546, 102
Trd, 2591150.979, 107
Trd, 2591151.929, 106
Trd, 2591152.729, 106
Trd, 2591153.146, 104
Trd, 2591154.763, 105
Trd, 2591155.246, 107
Trd, 2591155.729, 106
Trd, 2591156.146, 112
Trd, 2591157.263, 104
Trd, 2591157.479, 99
Trd, 2591157.729, 95
Trd, 2591158.113, 94
Trd, 2591158.129, 95
Trd, 2591158.346, 89
Trd, 2591160.813, 101
Trd, 2591162.079, 103
Trd, 2591162.846, 99
Trd, 2591163.379, 90
Trd, 2591164.346, 90
Trd, 2591164.663, 102
Trd, 2591165.246, 79
Trd, 2591166.196, 86
Trd, 2591166.596, 94
Trd, 2591167.713, 109
Trd, 2591167.796, 106
Trd, 2591168.079, 101
Trd, 2591169.229, 100
Trd, 2591169.263, 110
Trd, 2591171.579, 102
Trd, 2591172.563, 95
Trd, 2591173.329, 103
Trd, 2591173.846, 114
Trd, 2591174.913, 99
Trd, 2591175.463, 117
Trd, 2591175.629, 94
Trd, 2591176.329, 94
Trd, 2591177.146, 92
Trd, 2591178.313, 100
Trd, 2591180.129, 97
Trd, 2591180.396, 89
Trd, 2591180.646, 87
Trd, 2591180.913, 105
Trd, 2591181.346, 105
Trd, 2591181.946, 112
Trd, 2591183.429, 103
Trd, 2591184.363, 97
Trd, 2591184.679, 109
Trd, 2591185.096, 97
Trd, 2591185.129, 97
Trd, 2591185.163, 114
Trd, 2591185.246, 117
Trd, 2591186.413, 118
Trd, 2591190.396, 105
Trd, 2591190.813, 104
Trd, 2591191.013, 97
Trd, 2591191.213, 105
Trd, 2591191.863, 113
Trd, 2591192.179, 94
Trd, 2591192.196, 117
Trd, 2591193.513, 91
Trd, 2591194.046, 122
Trd, 2591194.946, 109
Trd, 2591195.096, 99
Trd, 2591196.329, 97
Trd, 2591197.179, 92
Trd, 2591198.613, 91
Trd, 2591198.979, 90
Trd, 2591199.046, 101
Trd, 2591200.513, 92
Trd, 2591202.429, 101
Trd, 2591202.446, 93
Trd, 2591202.896, 91
Trd, 2591202.996, 94
Trd, 2591203.046, 80
Trd, 2591205.013, 83
Trd, 2591205.613, 82
Trd, 2591205.863, 101
Trd, 2591206.429, 98
Trd, 2591207.679, 97
Trd, 2591208.079, 92
Trd, 2591208.313, 114
Trd, 2591208.463, 121
Trd, 2591209.996, 111
Trd, 2591210.279, 111
Trd, 2591210.479, 125
Trd, 2591210.979, 98
Trd, 2591211.463, 96
Trd, 2591212.796, 88
Trd, 2591212.979, 84
Trd, 2591214.313, 114
Trd, 2591215.213, 115
Trd, 2591215.696, 124
Trd, 2591216.246, 119
Trd, 2591217.346, 99
Trd, 2591217.679, 97
Trd, 2591218.546, 104
Trd, 2591219.029, 99
Trd, 2591220.896, 98
Trd, 2591221.479, 97
Trd, 2591221.629, 114
Trd, 2591221.813, 87
Trd, 2591222.313, 85
Trd, 2591222.629, 97
Trd, 2591223.813, 104
Trd, 2591224.463, 116
Trd, 2591225.179, 100
Trd, 2591227.479, 93
Trd, 2591228.896, 100
Trd, 2591228.963, 99
Trd, 2591229.546, 109
Trd, 2591230.229, 101
Trd, 2591230.746, 101
Trd, 2591231.146, 111
Trd, 2591231.829, 104
Trd, 2591232.996, 101
Trd, 2591233.996, 102
Trd, 2591234.479, 96
Trd, 2591235.646, 86
Trd, 2591235.663, 85
Trd, 2591236.113, 89
Trd, 2591236.163, 90
Trd, 2591238.013, 102
Trd, 2591238.746, 98
Trd, 2591238.996, 94
Trd, 2591239.779, 99
Trd, 2591241.729, 92
Trd, 2591242.763, 94
Trd, 2591242.829, 95
Trd, 2591244.379, 102
Trd, 2591244.779, 92
Trd, 2591245.396, 108
Trd, 2591245.813, 114
Trd, 2591246.746, 95
Trd, 2591246.929, 116
Trd, 2591247.229, 119
Trd, 2591247.829, 91
Trd, 2591248.563, 102
Trd, 2591249.346, 94
Trd, 2591249.696, 93
Trd, 2591250.246, 89
Trd, 2591251.446, 94
Trd, 2591252.013, 91
Trd, 2591252.146, 91
Trd, 2591253.796, 93
Trd, 2591254.663, 109
Trd, 2591254.979, 90
Trd, 2591255.929, 90
Trd, 2591256.079, 90
Trd, 2591257.146, 101
Trd, 2591257.546, 94
Trd, 2591258.179, 94
Trd, 2591259.713, 106
Trd, 2591259.846, 114
Trd, 2591261.546, 90
Trd, 2591262.813, 94
Trd, 2591263.646, 114
Trd, 2591263.763, 110
Trd, 2591263.996, 110
Trd, 2591264.396, 99
Trd, 2591264.479, 110
Trd, 2591267.663, 108
Trd, 2591268.129, 112
Trd, 2591268.929, 105
Trd, 2591269.429, 104
Trd, 2591271.079, 100
Trd, 2591271.329, 103
Trd, 2591271.529, 104
Trd, 2591271.879, 108
Trd, 2591273.129, 103
Trd, 2591273.629, 114
Trd, 2591274.513, 98
Trd, 2591274.579, 97
Trd, 2591275.079, 94
Trd, 2591275.996, 103
Trd, 2591277.263, 115
Trd, 2591277.429, 119
Trd, 2591277.696, 107
Trd, 2591278.646, 88
Trd, 2591278.746, 85
Trd, 2591278.879, 85
Trd, 2591279.546, 98
Trd, 2591282.463, 97
Trd, 2591282.863, 96
Trd, 2591283.413, 100
Trd, 2591283.596, 95
Trd, 2591284.213, 94
Trd, 2591285.163, 88
Trd, 2591285.496, 87
Trd, 2591285.546, 83
Trd, 2591287.579, 102
Trd, 2591288.213, 113
Trd, 2591288.879, 85
Trd, 2591289.163, 106
Trd, 2591291.513, 105
Trd, 2591293.879, 99
Trd, 2591294.013, 89
Trd, 2591294.113, 89
Trd, 2591294.513, 99
Trd, 2591294.913, 89
Trd, 2591295.063, 102
Trd, 2591295.513, 88
Trd, 2591295.929, 107
Trd, 2591298.213, 104
Trd, 2591299.329, 109
Trd, 2591299.663, 112
Trd, 2591300.529, 101
Trd, 2591301.029, 99
Trd, 2591301.363, 92
Trd, 2591302.779, 95
Trd, 2591303.063, 107
Trd, 2591303.696, 112
Trd, 2591305.246, 101
Trd, 2591306.079, 100
Trd, 2591306.496, 99
Trd, 2591307.279, 95
Trd, 2591308.946, 108
Trd, 2591309.179, 116
Trd, 2591309.679, 95
Trd, 2591311.996, 91
Trd, 2591312.363, 90
Trd, 2591312.379, 103
Trd, 2591313.279, 85
Trd, 2591313.646, 91
Trd, 2591314.063, 104
Trd, 2591315.046, 101
Trd, 2591315.713, 98
Trd, 2591316.079, 94
Trd, 2591317.813, 101
Trd, 2591318.563, 99
Trd, 2591318.696, 92
Trd, 2591318.763, 99
Trd, 2591320.263, 91
Trd, 2591320.663, 92
Trd, 2591320.779, 104
Trd, 2591320.879, 105
Trd, 2591322.379, 97
Trd, 2591323.363, 100
Trd, 2591324.163, 100
Trd, 2591326.446, 97
Trd, 2591328.179, 88
Trd, 2591329.379, 97
Trd, 2591329.746, 96
Trd, 2591330.513, 111
Trd, 2591331.163, 101
Trd, 2591331.429, 97
Trd, 2591331.846, 98
Trd, 2591333.079, 92
Trd, 2591334.079, 105
Trd, 2591334.429, 97
Trd, 2591334.863, 105
Trd, 2591335.729, 99
Trd, 2591335.963, 93
Trd, 2591336.879, 91
Trd, 2591338.246, 96
Trd, 2591338.263, 90
Trd, 2591339.529, 92
Trd, 2591340.229, 98
Trd, 2591341.646, 98
Trd, 2591342.513, 109
Trd, 2591342.829, 113
Trd, 2591343.146, 114
Trd, 2591343.279, 96
Trd, 2591343.879, 118
Trd, 2591344.479, 90
Trd, 2591347.279, 96
Trd, 2591347.796, 97
Trd, 2591347.963, 101
Trd, 2591348.013, 96
Trd, 2591348.046, 93
Trd, 2591348.963, 102
Trd, 2591350.296, 103
Trd, 2591351.029, 98
Trd, 2591351.529, 98
Trd, 2591352.446, 98
Trd, 2591352.779, 97
Trd, 2591353.163, 95
Trd, 2591353.846, 112
Trd, 2591354.046, 115
Trd, 2591355.179, 110
Trd, 2591355.229, 106
Trd, 2591356.296, 105
Trd, 2591357.079, 102
Trd, 2591358.379, 96
Trd, 2591359.629, 100
Trd, 2591360.663, 101
Trd, 2591360.779, 91
Trd, 2591360.929, 113
Trd, 2591361.063, 89
Trd, 2591362.663, 98
Trd, 2591362.829, 97
Trd, 2591362.929, 103
Trd, 2591363.796, 93
Trd, 2591364.529, 97
Trd, 2591365.813, 91
Trd, 2591367.129, 103
Trd, 2591367.446, 100
Trd, 2591368.513, 91
Trd, 2591368.679, 114
Trd, 2591368.896, 115
Trd, 2591369.579, 105
Trd, 2591369.946, 105
Trd, 2591370.496, 94
Trd, 2591372.513, 103
Trd, 2591372.679, 100
Trd, 2591374.346, 103
Trd, 2591374.396, 101
Trd, 2591375.363, 87
Trd, 2591375.863, 94
Trd, 2591377.263, 96
Trd, 2591378.179, 92
Trd, 2591378.313, 93
Trd, 2591379.196, 93
Trd, 2591379.863, 93
Trd, 2591380.196, 93
Trd, 2591380.629, 101
Trd, 2591382.446, 109
Trd, 2591382.729, 109
Trd, 2591382.879, 105
Trd, 2591383.279, 114
Trd, 2591384.313, 97
Trd, 2591384.513, 117
Trd, 2591385.479, 95
Trd, 2591385.629, 113
Trd, 2591385.829, 99
Trd, 2591387.063, 111
Trd, 2591387.546, 96
Trd, 2591389.629, 94
Trd, 2591390.396, 103
Trd, 2591391.113, 96
Trd, 2591391.613, 92
Trd, 2591391.896, 102
Trd, 2591392.629, 91
Trd, 2591392.846, 106
Trd, 2591392.929, 113
Trd, 2591393.946, 97
Trd, 2591394.413, 92
Trd, 2591395.896, 108
Trd, 2591395.929, 105
Trd, 2591396.046, 109
Trd, 2591398.446, 102
Trd, 2591398.596, 101
Trd, 2591398.913, 87
Trd, 2591399.779, 118
Trd, 2591400.729, 103
Trd, 2591401.113, 96
Trd, 2591401.596, 94
Trd, 2591402.463, 98
Trd, 2591402.663, 96
Trd, 2591405.196, 104
Trd, 2591405.896, 82
Trd, 2591407.479, 88
Trd, 2591408.196, 100
Trd, 2591408.829, 88
Trd, 2591410.863, 94
Trd, 2591411.246, 102
Trd, 2591411.413, 111
Trd, 2591411.746, 108
Trd, 2591412.446, 92
Trd, 2591412.546, 93
Trd, 2591412.596, 109
Trd, 2591412.696, 89
Trd, 2591414.896, 98
Trd, 2591416.163, 88
Trd, 2591417.079, 101
Trd, 2591417.163, 89
Trd, 2591418.146, 91
Trd, 2591419.113, 101
Trd, 2591419.279, 115
Trd, 2591419.729, 92
Trd, 2591420.379, 91
Trd, 2591421.296, 113
Trd, 2591422.679, 96
Trd, 2591423.446, 107
Trd, 2591424.629, 108
Trd, 2591425.279, 113
Trd, 2591426.279, 108
Trd, 2591426.296, 116
Trd, 2591426.529, 105
Trd, 2591426.613, 93
Trd, 2591427.829, 92
Trd, 2591428.263, 88
Trd, 2591428.879, 104
Trd, 2591429.996, 93
Trd, 2591430.129, 90
Trd, 2591432.329, 85
Trd, 2591432.446, 82
Trd, 2591432.579, 103
Trd, 2591433.579, 107
Trd, 2591434.913, 91
Trd, 2591435.663, 112
Trd, 2591436.663, 89
Trd, 2591437.013, 102
Trd, 2591437.729, 101
Trd, 2591438.446, 89
Trd, 2591439.563, 110
Trd, 2591440.429, 100
Trd, 2591441.596, 105
Trd, 2591441.979, 98
Trd, 2591443.396, 100
Trd, 2591443.946, 97
Trd, 2591444.263, 104
Trd, 2591444.696, 97
Trd, 2591444.713, 107
Trd, 2591446.063, 98
Trd, 2591446.079, 106
Trd, 2591446.763, 108
Trd, 2591447.263, 98
Trd, 2591447.479, 91
Trd, 2591447.829, 94
Trd, 2591450.496, 115
Trd, 2591450.996, 115
Trd, 2591451.696, 111
Trd, 2591452.029, 111
Trd, 2591452.129, 100
Trd, 2591452.613, 96
Trd, 2591453.729, 90
Trd, 2591454.246, 89
Trd, 2591454.279, 89
Trd, 2591456.463, 99
Trd, 2591456.929, 110
Trd, 2591457.046, 93
Trd, 2591457.113, 84
Trd, 2591457.779, 94
Trd, 2591457.813, 91
Trd, 2591458.829, 98
Trd, 2591459.929, 101
Trd, 2591460.213, 89
Trd, 2591460.713, 87
Trd, 2591462.279, 117
Trd, 2591464.979, 102
Trd, 2591466.196, 107
Trd, 2591466.746, 109
Trd, 2591467.613, 115
Trd, 2591468.046, 115
Trd, 2591468.446, 121
Trd, 2591468.796, 119
Trd, 2591469.029, 115
Trd, 2591469.529, 114
Trd, 2591469.863, 112
Trd, 2591470.413, 110
Trd, 2591471.596, 105
Trd, 2591472.479, 114
Trd, 2591472.646, 96
Trd, 2591472.696, 118
Trd, 2591476.329, 104
Trd, 2591476.913, 103
Trd, 2591477.613, 103
Trd, 2591478.313, 107
Trd, 2591481.079, 91
Trd, 2591481.679, 109
Trd, 2591481.763, 115
Trd, 2591481.879, 105
Trd, 2591482.179, 100
Trd, 2591482.646, 91
Trd, 2591482.746, 87
Trd, 2591482.963, 103
Trd, 2591483.479, 86
Trd, 2591483.696, 76
Trd, 2591483.946, 78
Trd, 2591484.679, 85
Trd, 2591485.479, 107
Trd, 2591485.779, 105
Trd, 2591486.546, 101
Trd, 2591486.979, 92
Trd, 2591487.029, 116
Trd, 2591487.463, 120
Trd, 2591488.313, 126
Trd, 2591489.729, 99
Trd, 2591489.846, 98
Trd, 2591490.963, 99
Trd, 2591491.129, 98
Trd, 2591491.746, 91
Trd, 2591493.513, 108
Trd, 2591494.779, 90
Trd, 2591495.046, 89
Trd, 2591496.113, 99
Trd, 2591497.379, 94
Trd, 2591497.396, 92
Trd, 2591498.463, 90
Trd, 2591499.779, 98
Trd, 2591499.929, 99
Trd, 2591500.479, 101
Trd, 2591501.579, 93
Trd, 2591501.763, 103
Trd, 2591503.046, 102
Trd, 2591503.413, 86
Trd, 2591504.796, 104
Trd, 2591505.546, 112
Trd, 2591506.463, 105
Trd, 2591508.113, 102
Trd, 2591509.446, 103
Trd, 2591510.396, 103
Trd, 2591511.129, 98
Trd, 2591511.213, 97
Trd, 2591511.279, 103
Trd, 2591512.946, 103
Trd, 2591513.763, 108
Trd, 2591514.879, 109
Trd, 2591515.246, 101
Trd, 2591515.546, 115
Trd, 2591516.846, 105
Trd, 2591516.946, 111
Trd, 2591518.213, 94
Trd, 2591519.896, 95
Trd, 2591520.279, 86
Trd, 2591522.013, 96
Trd, 2591522.996, 97
Trd, 2591523.513, 94
Trd, 2591523.813, 101
Trd, 2591524.196, 94
Trd, 2591525.813, 102
Trd, 2591525.913, 107
Trd, 2591526.029, 95
Trd, 2591526.429, 85
Trd, 2591527.213, 103
Trd, 2591528.079, 106
Trd, 2591529.879, 103
Trd, 2591530.179, 108
Trd, 2591530.713, 105
Trd, 2591530.913, 104
Trd, 2591533.163, 112
Trd, 2591533.513, 97
Trd, 2591534.929, 113
Trd, 2591535.879, 101
Trd, 2591536.746, 105
Trd, 2591537.263, 119
Trd, 2591537.296, 90
Trd, 2591538.796, 109
Trd, 2591540.046, 97
Trd, 2591541.213, 90
Trd, 2591542.163, 115
Trd, 2591542.729, 96
Trd, 2591543.046, 97
Trd, 2591544.596, 97
Trd, 2591545.863, 93
Trd, 2591546.446, 92
Trd, 2591546.829, 91
Trd, 2591546.996, 91
Trd, 2591547.079, 86
Trd, 2591547.263, 99
Trd, 2591547.529, 103
Trd, 2591548.079, 117
Trd, 2591548.479, 94
Trd, 2591548.563, 88
Trd, 2591548.963, 112
Trd, 2591549.963, 85
Trd, 2591551.929, 82
Trd, 2591552.196, 98
Trd, 2591552.329, 108
Trd, 2591556.479, 101
Trd, 2591557.446, 99
Trd, 2591558.063, 99
Trd, 2591558.396, 98
Trd, 2591559.329, 95
Trd, 2591559.346, 102
Trd, 2591560.946, 106
Trd, 2591561.029, 104
Trd, 2591561.213, 111
Trd, 2591561.396, 112
Trd, 2591562.996, 107
Trd, 2591563.079, 106
Trd, 2591563.679, 99
Trd, 2591564.513, 96
Trd, 2591565.479, 110
Trd, 2591566.046, 109
Trd, 2591566.513, 94
Trd, 2591566.596, 111
Trd, 2591568.779, 104
Trd, 2591570.096, 102
Trd, 2591570.713, 98
Trd, 2591570.863, 98
Trd, 2591571.263, 91
Trd, 2591573.713, 100
Trd, 2591575.296, 102
Trd, 2591575.329, 101
Trd, 2591576.129, 100
Trd, 2591576.579, 105
Trd, 2591576.613, 112
Trd, 2591577.146, 98
Trd, 2591577.829, 98
Trd, 2591577.846, 91
Trd, 2591580.463, 90
Trd, 2591580.529, 93
Trd, 2591580.596, 90
Trd, 2591581.813, 103
Trd, 2591583.063, 109
Trd, 2591584.429, 102
Trd, 2591585.013, 115
Trd, 2591585.279, 117
Trd, 2591585.979, 96
Trd, 2591586.396, 102
Trd, 2591587.713, 120
Trd, 2591587.796, 119
Trd, 2591588.363, 102
Trd, 2591588.713, 99
Trd, 2591591.463, 107
Trd, 2591592.446, 107
Trd, 2591592.829, 104
Trd, 2591593.246, 108
Trd, 2591593.263, 98
Trd, 2591594.196, 95
Trd, 2591595.746, 98
Trd, 2591596.129, 92
Trd, 2591596.479, 98
Trd, 2591596.496, 101
Trd, 2591597.229, 95
Trd, 2591597.613, 90
Trd, 2591598.079, 105
Trd, 2591598.179, 114
Trd, 2591598.913, 117
Trd, 2591599.729, 96
Trd, 2591599.846, 94
Trd, 2591600.229, 91
Trd, 2591601.513, 106
Trd, 2591601.746, 105
Trd, 2591602.996, 104
Trd, 2591603.463, 102
Trd, 2591604.479, 102
Trd, 2591604.579, 109
Trd, 2591605.779, 114
Trd, 2591606.479, 116
Trd, 2591606.546, 90
Trd, 2591607.979, 100
Trd, 2591609.229, 108
Trd, 2591609.329, 104
Trd, 2591609.979, 95
Trd, 2591610.513, 91
Trd, 2591612.279, 94
Trd, 2591612.579, 101
Trd, 2591612.729, 102
Trd, 2591613.679, 107
Trd, 2591613.729, 97
Trd, 2591614.996, 98
Trd, 2591615.279, 115
Trd, 2591616.296, 87
Trd, 2591618.496, 92
Trd, 2591619.529, 102
Trd, 2591619.563, 91
Trd, 2591620.113, 105
Trd, 2591620.579, 110
Trd, 2591620.629, 97
Trd, 2591621.013, 114
Trd, 2591622.996, 105
Trd, 2591624.963, 97
Trd, 2591624.979, 95
Trd, 2591625.279, 115
Trd, 2591625.613, 118
Trd, 2591627.713, 97
Trd, 2591628.979, 89
Trd, 2591629.329, 111
Trd, 2591629.996, 91
Trd, 2591630.663, 89
Trd, 2591631.213, 103
Trd, 2591632.129, 90
Trd, 2591632.579, 95
Trd, 2591632.629, 95
Trd, 2591633.246, 96
Trd, 2591634.063, 98
Trd, 2591634.296, 110
Trd, 2591634.813, 109
Trd, 2591636.563, 112
Trd, 2591637.046, 103
Trd, 2591637.879, 90
Trd, 2591638.163, 110
Trd, 2591638.346, 84
Trd, 2591639.479, 103
Trd, 2591639.963, 84
Trd, 2591640.296, 112
Trd, 2591640.829, 95
Trd, 2591642.229, 108
Trd, 2591643.379, 111
Trd, 2591644.046, 110
Trd, 2591644.179, 108
Trd, 2591644.396, 118
Trd, 2591645.396, 120
Trd, 2591645.896, 99
Trd, 2591646.163, 122
Trd, 2591646.846, 96
Trd, 2591646.913, 96
Trd, 2591647.346, 91
Trd, 2591648.313, 111
Trd, 2591648.413, 120
Trd, 2591648.479, 84
Trd, 2591649.413, 97
Trd, 2591652.179, 94
Trd, 2591652.479, 100
Trd, 2591653.829, 106
Trd, 2591655.096, 111
Trd, 2591655.263, 107
Trd, 2591655.863, 106
Trd, 2591656.079, 87
Trd, 2591656.546, 104
Trd, 2591656.846, 85
Trd, 2591658.696, 101
Trd, 2591658.729, 101
Trd, 2591658.779, 115
Trd, 2591659.996, 94
Trd, 2591660.579, 98
Trd, 2591661.313, 95
Trd, 2591662.446, 90
Trd, 2591663.579, 110
Trd, 2591664.613, 97
Trd, 2591665.113, 97
Trd, 2591665.213, 96
Trd, 2591667.263, 100
Trd, 2591668.046, 117
Trd, 2591668.329, 99
Trd, 2591668.813, 111
Trd, 2591669.563, 124
Trd, 2591669.596, 106
Trd, 2591669.713, 105
Trd, 2591670.046, 104
Trd, 2591671.779, 100
Trd, 2591672.013, 102
Trd, 2591672.329, 99
Trd, 2591672.929, 95
Trd, 2591673.013, 93
Trd, 2591674.096, 99
Trd, 2591674.213, 90
Trd, 2591674.246, 79
Trd, 2591675.463, 101
Trd, 2591677.163, 116
Trd, 2591677.596, 123
Trd, 2591679.513, 119
Trd, 2591680.596, 102
Trd, 2591681.146, 109
Trd, 2591681.279, 116
Trd, 2591681.496, 98
Trd, 2591682.129, 97
Trd, 2591682.646, 94
Trd, 2591683.096, 99
Trd, 2591683.529, 102
Trd, 2591684.063, 90
Trd, 2591686.163, 87
Trd, 2591686.913, 101
Trd, 2591688.029, 92
Trd, 2591688.679, 103
Trd, 2591689.079, 106
Trd, 2591689.279, 87
Trd, 2591690.179, 88
Trd, 2591691.413, 97
Trd, 2591692.329, 87
Trd, 2591693.446, 86
Trd, 2591693.729, 89
Trd, 2591694.579, 93
Trd, 2591695.696, 95
Trd, 2591696.129, 99
Trd, 2591696.746, 95
Trd, 2591697.396, 103
Trd, 2591697.546, 97
Trd, 2591698.429, 96
Trd, 2591699.213, 98
Trd, 2591700.463, 107
Trd, 2591701.196, 110
Trd, 2591702.096, 92
Trd, 2591702.379, 92
Trd, 2591703.679, 106
Trd, 2591703.796, 114
Trd, 2591704.929, 104
Trd, 2591705.979, 118
Trd, 2591706.329, 104
Trd, 2591706.513, 95
Trd, 2591707.779, 105
Trd, 2591709.646, 94
Trd, 2591710.163, 94
Trd, 2591710.996, 102
Trd, 2591711.413, 97
Trd, 2591712.129, 105
Trd, 2591712.179, 96
Trd, 2591712.563, 109
Trd, 2591714.013, 111
Trd, 2591714.996, 109
Trd, 2591715.496, 121
Trd, 2591715.579, 107
Trd, 2591715.896, 105
Trd, 2591716.896, 87
Trd, 2591717.079, 92
Trd, 2591717.729, 117
Trd, 2591717.796, 89
Trd, 2591718.029, 91
Trd, 2591718.879, 91
Trd, 2591719.363, 94
Trd, 2591719.446, 95
Trd, 2591720.529, 105
Trd, 2591720.829, 104
Trd, 2591723.879, 105
Trd, 2591724.213, 104
Trd, 2591724.879, 87
Trd, 2591725.396, 97
Trd, 2591728.046, 99
Trd, 2591728.096, 94
Trd, 2591728.496, 92
Trd, 2591728.713, 87
Trd, 2591729.329, 99
Trd, 2591729.596, 106
Trd, 2591731.096, 99
Trd, 2591731.446, 101
Trd, 2591731.996, 115
Trd, 2591733.546, 106
Trd, 2591734.629, 106
Trd, 2591734.896, 102
Trd, 2591735.063, 108
Trd, 2591735.746, 96
Trd, 2591736.413, 94
Trd, 2591736.679, 91
Trd, 2591736.929, 98
Trd, 2591739.213, 94
Trd, 2591739.263, 95
Trd, 2591740.413, 92
Trd, 2591740.663, 104
Trd, 2591741.146, 112
Trd, 2591741.579, 112
Trd, 2591742.196, 117
Trd, 2591743.063, 118
Trd, 2591743.579, 88
Trd, 2591744.179, 84
Trd, 2591744.579, 80
Trd, 2591744.863, 92
Trd, 2591744.996, 89
Trd, 2591745.246, 95
Trd, 2591746.479, 105
Trd, 2591746.896, 104
Trd, 2591746.963, 103
Trd, 2591747.013, 103
Trd, 2591747.546, 111
Trd, 2591748.763, 108
Trd, 2591749.529, 102
Trd, 2591750.263, 96
Trd, 2591750.779, 89
Trd, 2591750.879, 102
Trd, 2591752.329, 93
Trd, 2591753.329, 112
Trd, 2591753.646, 91
Trd, 2591756.746, 96
Trd, 2591756.813, 85
Trd, 2591757.529, 83
Trd, 2591758.196, 82
Trd, 2591759.029, 97
Trd, 2591759.263, 83
Trd, 2591761.079, 113
Trd, 2591762.629, 109
Trd, 2591763.313, 109
Trd, 2591763.679, 112
Trd, 2591764.013, 109
Trd, 2591764.129, 117
Trd, 2591764.529, 106
Trd, 2591764.646, 102
Trd, 2591764.996, 100
Trd, 2591765.779, 115
Trd, 2591766.329, 119
Trd, 2591768.563, 118
Trd, 2591769.013, 116
Trd, 2591769.629, 115
Trd, 2591770.313, 117
Trd, 2591770.363, 105
Trd, 2591770.979, 103
Trd, 2591771.446, 93
Trd, 2591772.163, 111
Trd, 2591773.679, 96
Trd, 2591774.013, 93
Trd, 2591774.446, 89
Trd, 2591775.263, 106
Trd, 2591776.929, 91
Trd, 2591778.329, 90
Trd, 2591778.663, 84
Trd, 2591778.779, 102
Trd, 2591780.229, 93
Trd, 2591780.429, 105
Trd, 2591781.679, 105
Trd, 2591781.846, 94
Trd, 2591783.329, 109
Trd, 2591783.479, 113
Trd, 2591784.596, 87
Trd, 2591785.263, 91
Trd, 2591786.529, 89
Trd, 2591786.579, 96
Trd, 2591787.179, 86
Trd, 2591789.329, 90
Trd, 2591789.563, 90
Trd, 2591790.313, 95
Trd, 2591790.529, 112
Trd, 2591791.146, 94
Trd, 2591791.646, 118
Trd, 2591791.896, 91
Trd, 2591792.463, 133
Trd, 2591793.846, 100
Trd, 2591794.529, 101
Trd, 2591795.629, 91
Trd, 2591795.796, 94
Trd, 2591796.346, 91
Trd, 2591797.313, 87
Trd, 2591798.313, 101
Trd, 2591798.513, 92
Trd, 2591799.179, 101
Trd, 2591799.463, 111
Trd, 2591799.763, 90
Trd, 2591800.713, 105
Trd, 2591801.046, 105
Trd, 2591801.129, 92
Trd, 2591801.279, 112
Trd, 2591802.946, 94
Trd, 2591804.829, 106
Trd, 2591804.929, 113
Trd, 2591806.979, 104
Trd, 2591807.679, 93
Trd, 2591807.929, 92
Trd, 2591809.013, 108
Trd, 2591809.613, 105
Trd, 2591811.046, 112
Trd, 2591811.846, 105
Trd, 2591811.913, 104
Trd, 2591811.946, 98
Trd, 2591813.163, 96
Trd, 2591813.629, 110
Trd, 2591815.163, 94
Trd, 2591815.979, 108
Trd, 2591816.329, 90
Trd, 2591816.929, 90
Trd, 2591817.179, 90
Trd, 2591818.013, 97
Trd, 2591819.013, 95
Trd, 2591821.446, 112
Trd, 2591821.546, 108
Trd, 2591821.929, 118
Trd, 2591822.779, 105
Trd, 2591823.246, 102
Trd, 2591825.946, 96
Trd, 2591826.179, 92
Trd, 2591827.696, 101
Trd, 2591828.729, 113
Trd, 2591828.779, 108
Trd, 2591828.846, 107
Trd, 2591829.063, 106
Trd, 2591829.846, 104
Trd, 2591829.963, 94
Trd, 2591830.396, 112
Trd, 2591831.179, 102
Trd, 2591831.329, 94
Trd, 2591832.863, 102
Trd, 2591833.879, 118
Trd, 2591834.079, 89
Trd, 2591834.296, 120
Trd, 2591836.729, 81
Trd, 2591837.429, 80
Trd, 2591838.213, 94
Trd, 2591839.596, 89
Trd, 2591840.513, 105
Trd, 2591841.163, 92
Trd, 2591841.463, 104
Trd, 2591843.079, 106
Trd, 2591843.596, 107
Trd, 2591843.979, 112
Trd, 2591844.479, 106
Trd, 2591844.663, 97
Trd, 2591844.713, 93
Trd, 2591845.529, 89
Trd, 2591846.463, 100
Trd, 2591846.696, 101
Trd, 2591846.946, 109
Trd, 2591846.963, 92
Trd, 2591848.796, 102
Trd, 2591849.363, 87
Trd, 2591849.929, 110
Trd, 2591851.046, 91
Trd, 2591851.729, 93
Trd, 2591852.113, 90
Trd, 2591853.729, 93
Trd, 2591853.896, 92
Trd, 2591854.113, 103
Trd, 2591855.429, 95
Trd, 2591855.746, 108
Trd, 2591856.729, 98
Trd, 2591857.463, 102
Trd, 2591860.013, 101
Trd, 2591861.329, 106
Trd, 2591861.346, 112
Trd, 2591861.396, 105
Trd, 2591863.013, 105
Trd, 2591863.929, 97
Trd, 2591864.096, 101
Trd, 2591865.229, 96
Trd, 2591865.296, 96
Trd, 2591866.079, 103
Trd, 2591866.496, 94
Trd, 2591867.613, 93
Trd, 2591867.879, 104
Trd, 2591868.629, 111
Trd, 2591868.879, 90
Trd, 2591870.346, 105
Trd, 2591871.746, 94
Trd, 2591872.063, 114
Trd, 2591873.079, 103
Trd, 2591873.279, 113
Trd, 2591873.446, 90
Trd, 2591873.463, 90
Trd, 2591873.579, 85
Trd, 2591873.779, 117
Trd, 2591874.346, 84
Trd, 2591874.413, 95
Trd, 2591875.679, 99
Trd, 2591876.579, 97
Trd, 2591877.413, 107
Trd, 2591878.646, 95
Trd, 2591879.479, 94
Trd, 2591880.229, 102
Trd, 2591881.563, 102
Trd, 2591882.196, 91
Trd, 2591882.746, 108
Trd, 2591882.779, 94
Trd, 2591883.463, 95
Trd, 2591883.496, 93
Trd, 2591883.963, 84
Trd, 2591883.996, 79
Trd, 2591884.229, 114
Trd, 2591886.996, 106
Trd, 2591887.529, 105
Trd, 2591887.729, 87
Trd, 2591888.329, 81
Trd, 2591890.213, 100
Trd, 2591890.446, 100
Trd, 2591891.179, 116
Trd, 2591891.496, 105
Trd, 2591892.063, 104
Trd, 2591893.196, 104
Trd, 2591894.146, 116
Trd, 2591894.196, 98
Trd, 2591895.496, 94
Trd, 2591895.529, 93
Trd, 2591896.296, 108
Trd, 2591896.546, 95
Trd, 2591898.079, 116
Trd, 2591899.279, 100
Trd, 2591902.346, 100
Trd, 2591902.996, 101
Trd, 2591903.163, 114
Trd, 2591903.246, 99
Trd, 2591904.013, 105
Trd, 2591904.729, 104
Trd, 2591905.063, 103
Trd, 2591905.313, 94
Trd, 2591905.446, 112
Trd, 2591906.579, 93
Trd, 2591907.346, 109
Trd, 2591907.813, 93
Trd, 2591908.579, 104
Trd, 2591908.646, 115
Trd, 2591909.596, 91
Trd, 2591910.063, 92
Trd, 2591910.996, 97
Trd, 2591911.479, 91
Trd, 2591912.779, 107
Trd, 2591913.063, 100
Trd, 2591913.496, 100
Trd, 2591914.163, 107
Trd, 2591914.296, 90
Trd, 2591915.929, 96
Trd, 2591916.613, 100
Trd, 2591916.979, 117
Trd, 2591917.496, 122
Trd, 2591917.763, 91
Trd, 2591918.846, 116
Trd, 2591921.229, 90
Trd, 2591923.196, 96
Trd, 2591923.346, 95
Trd, 2591923.796, 99
Trd, 2591924.513, 97
Trd, 2591924.729, 104
Trd, 2591924.863, 104
Trd, 2591925.096, 88
Trd, 2591925.846, 109
Trd, 2591926.863, 99
Trd, 2591927.963, 106
Trd, 2591928.129, 109
Trd, 2591928.879, 104
Trd, 2591929.163, 95
Trd, 2591932.129, 99
Trd, 2591932.446, 92
Trd, 2591933.279, 114
Trd, 2591933.513, 104
Trd, 2591933.829, 115
Trd, 2591935.129, 101
Trd, 2591936.246, 109
Trd, 2591936.263, 90
Trd, 2591936.379, 90
Trd, 2591940.229, 98
Trd, 2591940.346, 93
Trd, 2591940.979, 95
Trd, 2591941.363, 95
Trd, 2591941.713, 96
Trd, 2591943.163, 92
Trd, 2591943.346, 102
Trd, 2591943.463, 103
Trd, 2591945.679, 111
Trd, 2591945.829, 107
Trd, 2591946.963, 101
Trd, 2591947.513, 98
Trd, 2591947.579, 92
Trd, 2591948.963, 89
Trd, 2591949.563, 99
Trd, 2591949.629, 85
Trd, 2591950.113, 81
Trd, 2591952.696, 108
Trd, 2591953.179, 105
Trd, 2591953.479, 113
Trd, 2591953.663, 102
Trd, 2591953.813, 111
Trd, 2591955.463, 104
Trd, 2591955.896, 103
Trd, 2591956.329, 107
Trd, 2591957.113, 98
Trd, 2591957.513, 116
Trd, 2591958.946, 115
Trd, 2591959.596, 118
Trd, 2591959.963, 118
Trd, 2591960.496, 109
Trd, 2591960.613, 104
Trd, 2591960.813, 93
Trd, 2591961.579, 101
Trd, 2591961.946, 110
Trd, 2591964.629, 99
Trd, 2591965.379, 98
Trd, 2591965.663, 99
Trd, 2591966.396, 97
Trd, 2591968.096, 98
Trd, 2591970.679, 94
Trd, 2591971.063, 99
Trd, 2591971.296, 103
Trd, 2591972.079, 96
Trd, 2591972.196, 105
Trd, 2591972.629, 90
Trd, 2591972.679, 91
Trd, 2591973.496, 100
Trd, 2591973.613, 79
Trd, 2591973.979, 101
Trd, 2591975.063, 86
Trd, 2591976.079, 79
Trd, 2591976.329, 113
Trd, 2591976.779, 114
Trd, 2591980.346, 92
Trd, 2591981.046, 93
Trd, 2591982.146, 104
Trd, 2591982.313, 104
Trd, 2591983.029, 101
Trd, 2591983.496, 109
Trd, 2591984.713, 98
Trd, 2591984.829, 98
Trd, 2591984.979, 92
Trd, 2591985.213, 112
Trd, 2591987.146, 94
Trd, 2591989.979, 93
Trd, 2591990.163, 97
Trd, 2591990.813, 102
Trd, 2591991.396, 91
Trd, 2591991.763, 100
Trd, 2591993.846, 94
Trd, 2591994.346, 93
Trd, 2591994.913, 102
Trd, 2591994.963, 93
Trd, 2591996.629, 108
Trd, 2591997.629, 103
Trd, 2591998.563, 104
Trd, 2591999.179, 106
Trd, 2591999.446, 106
