Trd, 2590675.663, 103
Trd, 2590675.729, 99
Trd, 2590676.546, 109
Trd, 2590677.963, 111
Trd, 2590678.063, 91
Trd, 2590678.079, 86
Trd, 2590678.229, 79
Trd, 2590678.879, 112
Trd, 2590679.296, 107
Trd, 2590680.429, 105
Trd, 2590680.563, 107
Trd, 2590681.013, 101
Trd, 2590681.229, 108
Trd, 2590681.663, 98
Trd, 2590681.746, 108
Trd, 2590681.863, 94
Trd, 2590683.079, 87
Trd, 2590683.296, 77
Trd, 2590684.163, 101
Trd, 2590684.663, 103
Trd, 2590685.313, 108
Trd, 2590686.946, 103
Trd, 2590687.113, 103
Trd, 2590687.913, 108
Trd, 2590689.329, 107
Trd, 2590689.379, 105
Trd, 2590690.413, 111
Trd, 2590690.879, 111
Trd, 2590693.346, 107
Trd, 2590693.529, 105
Trd, 2590693.829, 95
Trd, 2590694.279, 106
Trd, 2590694.446, 95
Trd, 2590695.163, 107
Trd, 2590696.213, 107
Trd, 2590696.279, 95
Trd, 2590696.463, 115
Trd, 2590696.496, 94
Trd, 2590697.979, 91
Trd, 2590698.329, 105
Trd, 2590699.263, 98
Trd, 2590699.846, 91
Trd, 2590700.263, 90
Trd, 2590702.163, 101
Trd, 2590702.513, 103
Trd, 2590703.279, 101
Trd, 2590704.679, 92
Trd, 2590704.913, 98
Trd, 2590706.213, 87
Trd, 2590706.963, 96
Trd, 2590707.163, 98
Trd, 2590707.479, 65
Trd, 2590708.246, 91
Trd, 2590709.046, 105
Trd, 2590709.096, 105
Trd, 2590709.663, 108
Trd, 2590710.213, 115
Trd, 2590710.413, 105
Trd, 2590711.163, 103
Trd, 2590711.213, 102
Trd, 2590711.229, 113
Trd, 2590711.279, 98
Trd, 2590713.713, 94
Trd, 2590714.113, 82
Trd, 2590714.246, 101
Trd, 2590716.313, 101
Trd, 2590717.079, 111
Trd, 2590717.229, 88
Trd, 2590717.246, 91
Trd, 2590717.863, 91
Trd, 2590718.846, 112
Trd, 2590719.729, 114
Trd, 2590720.046, 112
Trd, 2590721.513, 103
Trd, 2590721.829, 98
Trd, 2590722.079, 87
Trd, 2590722.563, 83
Trd, 2590723.229, 82
Trd, 2590723.579, 84
Trd, 2590725.329, 94
Trd, 2590725.663, 77
Trd, 2590726.113, 75
Trd, 2590726.496, 78
Trd, 2590726.946, 82
Trd, 2590727.496, 87
Trd, 2590728.479, 110
Trd, 2590729.796, 104
Trd, 2590730.713, 105
Trd, 2590730.746, 104
Trd, 2590730.829, 103
Trd, 2590730.996, 107
Trd, 2590734.129, 102
Trd, 2590734.929, 111
Trd, 2590735.296, 104
Trd, 2590735.679, 101
Trd, 2590735.746, 115
Trd, 2590737.229, 105
Trd, 2590737.996, 107
Trd, 2590738.346, 101
Trd, 2590738.779, 106
Trd, 2590740.063, 99
Trd, 2590740.163, 103
Trd, 2590740.313, 104
Trd, 2590740.796, 100
Trd, 2590741.779, 99
Trd, 2590742.896, 98
Trd, 2590743.529, 94
Trd, 2590744.029, 108
Trd, 2590744.146, 96
Trd, 2590744.879, 112
Trd, 2590745.263, 103
Trd, 2590745.479, 115
Trd, 2590746.729, 123
Trd, 2590747.646, 98
Trd, 2590748.079, 97
Trd, 2590748.746, 94
Trd, 2590749.413, 107
Trd, 2590749.813, 91
Trd, 2590750.063, 98
Trd, 2590750.696, 105
Trd, 2590751.096, 113
Trd, 2590751.196, 102
Trd, 2590751.529, 110
Trd, 2590751.746, 101
Trd, 2590753.179, 103
Trd, 2590753.263, 100
Trd, 2590753.846, 108
Trd, 2590754.263, 113
Trd, 2590754.596, 90
Trd, 2590754.779, 89
Trd, 2590754.946, 99
Trd, 2590755.679, 103
Trd, 2590757.763, 97
Trd, 2590758.546, 104
Trd, 2590759.929, 100
Trd, 2590760.546, 99
Trd, 2590761.396, 111
Trd, 2590761.613, 113
Trd, 2590762.063, 86
Trd, 2590762.596, 114
Trd, 2590762.779, 91
Trd, 2590764.546, 101
Trd, 2590764.596, 98
Trd, 2590765.796, 103
Trd, 2590765.846, 98
Trd, 2590766.746, 103
Trd, 2590768.646, 112
Trd, 2590768.829, 109
Trd, 2590769.063, 98
Trd, 2590769.629, 103
Trd, 2590769.779, 93
Trd, 2590770.246, 91
Trd, 2590770.279, 88
Trd, 2590771.363, 103
Trd, 2590771.696, 112
Trd, 2590772.196, 89
Trd, 2590772.763, 100
Trd, 2590773.529, 77
Trd, 2590774.213, 113
Trd, 2590774.946, 112
Trd, 2590775.879, 110
Trd, 2590776.846, 89
Trd, 2590777.863, 103
Trd, 2590778.729, 97
Trd, 2590778.796, 102
Trd, 2590779.829, 100
Trd, 2590780.129, 99
Trd, 2590780.429, 105
Trd, 2590781.029, 105
Trd, 2590782.563, 101
Trd, 2590783.913, 101
Trd, 2590785.779, 100
Trd, 2590785.929, 108
Trd, 2590786.513, 98
Trd, 2590786.596, 99
Trd, 2590787.096, 88
Trd, 2590787.329, 100
Trd, 2590787.529, 101
Trd, 2590787.813, 115
Trd, 2590788.113, 88
Trd, 2590788.313, 87
Trd, 2590788.429, 77
Trd, 2590788.546, 71
Trd, 2590789.296, 104
Trd, 2590790.946, 92
Trd, 2590791.096, 91
Trd, 2590791.663, 80
Trd, 2590792.813, 89
Trd, 2590793.763, 99
Trd, 2590793.846, 78
Trd, 2590794.646, 98
Trd, 2590794.763, 105
Trd, 2590795.413, 112
Trd, 2590795.929, 83
Trd, 2590797.363, 84
Trd, 2590798.413, 87
Trd, 2590798.496, 87
Trd, 2590799.246, 101
Trd, 2590799.463, 89
Trd, 2590800.563, 106
Trd, 2590801.529, 105
Trd, 2590803.013, 102
Trd, 2590803.029, 99
Trd, 2590803.613, 98
Trd, 2590805.046, 104
Trd, 2590806.279, 105
Trd, 2590807.129, 96
Trd, 2590807.396, 94
Trd, 2590807.496, 97
Trd, 2590808.346, 101
Trd, 2590808.729, 108
Trd, 2590808.846, 98
Trd, 2590810.129, 115
Trd, 2590810.279, 93
Trd, 2590811.129, 94
Trd, 2590811.263, 93
Trd, 2590811.513, 98
Trd, 2590811.796, 91
Trd, 2590812.929, 99
Trd, 2590813.496, 94
Trd, 2590813.529, 100
Trd, 2590814.129, 102
Trd, 2590814.163, 108
Trd, 2590814.379, 115
Trd, 2590815.746, 102
Trd, 2590816.246, 101
Trd, 2590816.563, 97
Trd, 2590818.529, 107
Trd, 2590818.546, 115
Trd, 2590818.613, 95
Trd, 2590819.129, 124
Trd, 2590821.496, 97
Trd, 2590822.313, 115
Trd, 2590823.096, 122
Trd, 2590823.779, 129
Trd, 2590823.896, 108
Trd, 2590824.096, 107
Trd, 2590824.979, 105
Trd, 2590825.013, 105
Trd, 2590825.063, 105
Trd, 2590826.313, 101
Trd, 2590827.329, 90
Trd, 2590827.713, 87
Trd, 2590828.763, 92
Trd, 2590828.913, 105
Trd, 2590829.379, 91
Trd, 2590829.746, 90
Trd, 2590830.629, 87
Trd, 2590830.729, 92
Trd, 2590830.829, 97
Trd, 2590831.679, 89
Trd, 2590833.863, 90
Trd, 2590833.963, 107
Trd, 2590834.846, 96
Trd, 2590835.346, 95
Trd, 2590836.113, 97
Trd, 2590837.029, 98
Trd, 2590837.279, 94
Trd, 2590837.979, 101
Trd, 2590838.546, 100
Trd, 2590838.563, 107
Trd, 2590839.896, 89
Trd, 2590840.496, 113
Trd, 2590840.746, 92
Trd, 2590840.779, 120
Trd, 2590841.046, 93
Trd, 2590841.329, 117
Trd, 2590841.479, 118
Trd, 2590841.596, 91
Trd, 2590842.579, 83
Trd, 2590842.696, 83
Trd, 2590843.213, 84
Trd, 2590843.696, 99
Trd, 2590844.679, 105
Trd, 2590848.179, 96
Trd, 2590848.429, 98
Trd, 2590848.546, 123
Trd, 2590848.796, 99
Trd, 2590848.946, 97
Trd, 2590851.246, 106
Trd, 2590851.296, 101
Trd, 2590851.329, 91
Trd, 2590851.913, 113
Trd, 2590852.429, 104
Trd, 2590852.546, 118
Trd, 2590852.963, 89
Trd, 2590852.996, 123
Trd, 2590853.646, 87
Trd, 2590856.813, 106
Trd, 2590857.413, 106
Trd, 2590858.296, 106
Trd, 2590858.646, 107
Trd, 2590859.229, 107
Trd, 2590859.679, 107
Trd, 2590860.629, 107
Trd, 2590861.763, 106
Trd, 2590861.779, 105
Trd, 2590861.829, 112
Trd, 2590862.863, 100
Trd, 2590863.696, 91
Trd, 2590864.029, 100
Trd, 2590866.229, 105
Trd, 2590866.296, 86
Trd, 2590867.129, 91
Trd, 2590867.629, 100
Trd, 2590867.979, 83
Trd, 2590868.463, 103
Trd, 2590869.029, 98
Trd, 2590869.196, 95
Trd, 2590869.363, 82
Trd, 2590870.496, 98
Trd, 2590871.079, 108
Trd, 2590871.796, 101
Trd, 2590872.079, 79
Trd, 2590872.913, 105
Trd, 2590873.063, 105
Trd, 2590873.179, 107
Trd, 2590873.529, 104
Trd, 2590874.296, 98
Trd, 2590874.879, 109
Trd, 2590875.896, 83
Trd, 2590877.263, 85
Trd, 2590877.313, 82
Trd, 2590877.996, 111
Trd, 2590879.446, 111
Trd, 2590880.046, 99
Trd, 2590880.513, 99
Trd, 2590881.546, 101
Trd, 2590882.413, 111
Trd, 2590883.013, 98
Trd, 2590883.679, 94
Trd, 2590883.913, 91
Trd, 2590884.179, 86
Trd, 2590884.196, 98
Trd, 2590884.896, 87
Trd, 2590885.079, 95
Trd, 2590887.946, 96
Trd, 2590888.896, 94
Trd, 2590889.063, 92
Trd, 2590889.279, 96
Trd, 2590890.029, 102
Trd, 2590890.446, 108
Trd, 2590891.629, 106
Trd, 2590891.646, 114
Trd, 2590891.846, 105
Trd, 2590893.563, 103
Trd, 2590893.696, 101
Trd, 2590893.913, 110
Trd, 2590894.329, 91
Trd, 2590894.396, 112
Trd, 2590894.879, 114
Trd, 2590897.013, 109
Trd, 2590897.913, 108
Trd, 2590897.963, 105
Trd, 2590898.496, 101
Trd, 2590899.346, 99
Trd, 2590900.379, 102
Trd, 2590900.613, 98
Trd, 2590900.679, 94
Trd, 2590902.346, 92
Trd, 2590902.646, 93
Trd, 2590902.679, 89
Trd, 2590902.746, 102
Trd, 2590902.896, 103
Trd, 2590903.579, 88
Trd, 2590905.146, 108
Trd, 2590906.146, 108
Trd, 2590906.546, 115
Trd, 2590907.196, 112
Trd, 2590908.579, 121
Trd, 2590908.613, 111
Trd, 2590908.846, 110
Trd, 2590909.396, 108
Trd, 2590910.663, 104
Trd, 2590910.996, 104
Trd, 2590911.313, 105
Trd, 2590911.846, 94
Trd, 2590912.113, 110
Trd, 2590912.613, 91
Trd, 2590912.796, 99
Trd, 2590913.013, 90
Trd, 2590913.479, 87
Trd, 2590913.996, 77
Trd, 2590914.213, 81
Trd, 2590915.013, 108
Trd, 2590915.963, 100
Trd, 2590917.046, 102
Trd, 2590917.096, 101
Trd, 2590918.196, 100
Trd, 2590918.679, 103
Trd, 2590919.396, 101
Trd, 2590920.879, 98
Trd, 2590923.796, 102
Trd, 2590923.979, 101
Trd, 2590925.213, 93
Trd, 2590925.713, 93
Trd, 2590926.663, 104
Trd, 2590926.729, 108
Trd, 2590926.813, 92
Trd, 2590927.363, 107
Trd, 2590927.763, 105
Trd, 2590928.596, 115
Trd, 2590928.963, 116
Trd, 2590930.096, 106
Trd, 2590930.413, 94
Trd, 2590930.579, 93
Trd, 2590931.746, 92
Trd, 2590932.329, 92
Trd, 2590932.446, 90
Trd, 2590933.646, 87
Trd, 2590933.696, 81
Trd, 2590933.763, 77
Trd, 2590933.963, 77
Trd, 2590934.796, 81
Trd, 2590934.896, 90
Trd, 2590934.929, 98
Trd, 2590935.929, 88
Trd, 2590936.213, 115
Trd, 2590937.146, 116
Trd, 2590938.496, 103
Trd, 2590938.613, 101
Trd, 2590938.929, 98
Trd, 2590939.279, 112
Trd, 2590940.646, 112
Trd, 2590941.863, 98
Trd, 2590942.029, 94
Trd, 2590943.413, 91
Trd, 2590944.079, 92
Trd, 2590945.113, 104
Trd, 2590945.379, 108
Trd, 2590946.629, 91
Trd, 2590946.746, 104
Trd, 2590947.296, 78
Trd, 2590948.163, 97
Trd, 2590949.313, 112
Trd, 2590949.779, 115
Trd, 2590950.379, 102
Trd, 2590950.729, 122
Trd, 2590951.413, 101
Trd, 2590951.663, 98
Trd, 2590952.079, 102
Trd, 2590953.029, 126
Trd, 2590954.063, 116
Trd, 2590954.179, 94
Trd, 2590954.279, 91
Trd, 2590955.146, 105
Trd, 2590955.963, 106
Trd, 2590956.163, 106
Trd, 2590956.579, 92
Trd, 2590957.146, 93
Trd, 2590957.329, 91
Trd, 2590959.063, 92
Trd, 2590959.963, 104
Trd, 2590960.063, 102
Trd, 2590961.396, 99
Trd, 2590962.829, 96
Trd, 2590962.846, 94
Trd, 2590963.146, 103
Trd, 2590965.046, 94
Trd, 2590965.863, 106
Trd, 2590966.296, 93
Trd, 2590966.879, 111
Trd, 2590967.029, 98
Trd, 2590967.129, 91
Trd, 2590967.729, 87
Trd, 2590968.079, 101
Trd, 2590968.363, 86
Trd, 2590968.696, 110
Trd, 2590970.096, 112
Trd, 2590970.479, 116
Trd, 2590970.696, 115
Trd, 2590970.996, 129
Trd, 2590971.063, 116
Trd, 2590971.613, 109
Trd, 2590972.579, 105
Trd, 2590973.546, 100
Trd, 2590974.329, 112
Trd, 2590974.563, 98
Trd, 2590974.679, 97
Trd, 2590974.963, 83
Trd, 2590977.529, 102
Trd, 2590977.646, 94
Trd, 2590977.946, 92
Trd, 2590977.979, 104
Trd, 2590979.229, 92
Trd, 2590979.279, 89
Trd, 2590979.563, 79
Trd, 2590980.913, 98
Trd, 2590982.979, 97
Trd, 2590983.746, 92
Trd, 2590984.163, 92
Trd, 2590984.313, 94
Trd, 2590985.413, 105
Trd, 2590985.496, 107
Trd, 2590985.646, 101
Trd, 2590985.946, 97
Trd, 2590986.463, 108
Trd, 2590987.429, 96
Trd, 2590988.263, 98
Trd, 2590988.646, 115
Trd, 2590988.696, 115
Trd, 2590989.713, 104
Trd, 2590989.779, 88
Trd, 2590991.213, 86
Trd, 2590994.829, 106
Trd, 2590995.813, 97
Trd, 2590998.096, 101
Trd, 2590998.196, 102
Trd, 2590998.413, 108
Trd, 2590998.613, 102
Trd, 2590999.746, 104
Trd, 2590999.879, 101
Trd, 2591000.429, 98
Trd, 2591000.446, 108
Trd, 2591000.796, 94
Trd, 2591001.113, 90
Trd, 2591001.163, 112
Trd, 2591001.263, 85
Trd, 2591001.646, 81
Trd, 2591002.696, 80
Trd, 2591003.296, 79
Trd, 2591004.029, 90
Trd, 2591005.463, 91
Trd, 2591006.513, 102
Trd, 2591009.196, 103
Trd, 2591009.296, 101
Trd, 2591009.596, 104
Trd, 2591009.913, 102
Trd, 2591009.979, 101
Trd, 2591010.629, 112
Trd, 2591011.013, 113
Trd, 2591011.429, 99
Trd, 2591012.129, 98
Trd, 2591012.246, 94
Trd, 2591012.779, 115
Trd, 2591013.296, 86
Trd, 2591015.813, 97
Trd, 2591016.463, 96
Trd, 2591017.313, 99
Trd, 2591018.813, 105
Trd, 2591019.379, 108
Trd, 2591020.013, 108
Trd, 2591020.563, 103
Trd, 2591020.596, 102
Trd, 2591020.663, 100
Trd, 2591021.079, 98
Trd, 2591021.313, 94
Trd, 2591021.446, 91
Trd, 2591021.796, 115
Trd, 2591022.013, 101
Trd, 2591022.079, 90
Trd, 2591022.579, 90
Trd, 2591024.046, 94
Trd, 2591024.863, 110
Trd, 2591025.146, 105
Trd, 2591025.646, 111
Trd, 2591025.679, 91
Trd, 2591026.896, 110
Trd, 2591029.513, 94
Trd, 2591030.813, 99
Trd, 2591031.029, 97
Trd, 2591031.146, 97
Trd, 2591032.529, 106
Trd, 2591032.813, 105
Trd, 2591032.963, 106
Trd, 2591033.679, 101
Trd, 2591034.979, 101
Trd, 2591035.863, 98
Trd, 2591036.313, 98
Trd, 2591036.779, 94
Trd, 2591036.913, 100
Trd, 2591038.163, 111
Trd, 2591038.863, 98
Trd, 2591039.263, 97
Trd, 2591039.629, 96
Trd, 2591039.779, 91
Trd, 2591039.996, 97
Trd, 2591040.146, 112
Trd, 2591040.696, 114
Trd, 2591041.413, 109
Trd, 2591043.096, 99
Trd, 2591043.279, 112
Trd, 2591045.646, 94
Trd, 2591045.896, 108
Trd, 2591046.196, 98
Trd, 2591046.479, 94
Trd, 2591046.563, 104
Trd, 2591047.329, 105
Trd, 2591047.946, 112
Trd, 2591048.363, 113
Trd, 2591049.679, 101
Trd, 2591050.929, 97
Trd, 2591051.296, 97
Trd, 2591052.146, 109
Trd, 2591052.446, 109
Trd, 2591052.663, 107
Trd, 2591053.196, 94
Trd, 2591053.813, 89
Trd, 2591054.546, 106
Trd, 2591054.596, 115
Trd, 2591055.679, 92
Trd, 2591056.796, 90
Trd, 2591057.579, 98
Trd, 2591058.679, 104
Trd, 2591058.813, 96
Trd, 2591059.929, 102
Trd, 2591060.029, 107
Trd, 2591060.413, 101
Trd, 2591060.979, 95
Trd, 2591061.246, 91
Trd, 2591063.279, 108
Trd, 2591063.663, 109
Trd, 2591063.796, 113
Trd, 2591064.479, 114
Trd, 2591064.746, 105
Trd, 2591065.196, 103
Trd, 2591065.396, 101
Trd, 2591067.596, 101
Trd, 2591068.929, 100
Trd, 2591069.229, 98
Trd, 2591069.846, 107
Trd, 2591070.479, 108
Trd, 2591070.546, 94
Trd, 2591070.729, 86
Trd, 2591070.879, 77
Trd, 2591072.463, 92
Trd, 2591072.546, 91
Trd, 2591072.913, 103
Trd, 2591073.529, 98
Trd, 2591073.629, 84
Trd, 2591074.646, 83
Trd, 2591075.063, 86
Trd, 2591076.663, 101
Trd, 2591076.829, 109
Trd, 2591078.346, 106
Trd, 2591079.979, 110
Trd, 2591080.313, 107
Trd, 2591080.596, 103
Trd, 2591081.129, 110
Trd, 2591081.846, 110
Trd, 2591081.913, 102
Trd, 2591082.046, 94
Trd, 2591082.296, 112
Trd, 2591082.829, 114
Trd, 2591083.579, 93
Trd, 2591083.646, 115
Trd, 2591084.196, 116
Trd, 2591084.813, 100
Trd, 2591086.246, 105
Trd, 2591086.946, 106
Trd, 2591086.979, 108
Trd, 2591087.296, 95
Trd, 2591087.996, 92
Trd, 2591088.379, 101
Trd, 2591089.679, 94
Trd, 2591090.463, 94
Trd, 2591090.696, 99
Trd, 2591090.746, 115
Trd, 2591091.663, 104
Trd, 2591092.413, 91
Trd, 2591093.329, 102
Trd, 2591093.546, 115
Trd, 2591093.813, 118
Trd, 2591094.529, 89
Trd, 2591095.546, 122
Trd, 2591096.896, 89
Trd, 2591097.413, 90
Trd, 2591098.813, 91
Trd, 2591100.213, 99
Trd, 2591100.329, 98
Trd, 2591100.463, 106
Trd, 2591100.596, 108
Trd, 2591100.913, 87
Trd, 2591101.479, 87
Trd, 2591101.546, 85
Trd, 2591105.146, 91
Trd, 2591105.413, 101
Trd, 2591105.579, 90
Trd, 2591106.213, 88
Trd, 2591106.996, 88
Trd, 2591108.479, 101
Trd, 2591108.496, 95
Trd, 2591109.063, 108
Trd, 2591109.213, 114
Trd, 2591109.713, 108
Trd, 2591110.029, 105
Trd, 2591110.196, 112
Trd, 2591111.063, 99
Trd, 2591111.413, 98
Trd, 2591112.129, 91
Trd, 2591113.613, 109
Trd, 2591113.663, 102
Trd, 2591114.679, 97
Trd, 2591115.163, 108
Trd, 2591116.579, 108
Trd, 2591116.763, 99
Trd, 2591116.929, 98
Trd, 2591117.246, 114
Trd, 2591117.963, 103
Trd, 2591118.596, 94
Trd, 2591119.779, 98
Trd, 2591120.913, 101
Trd, 2591121.129, 92
Trd, 2591121.513, 92
Trd, 2591122.579, 99
Trd, 2591123.313, 93
Trd, 2591123.396, 92
Trd, 2591125.079, 101
Trd, 2591125.296, 93
Trd, 2591125.546, 106
Trd, 2591126.696, 100
Trd, 2591127.163, 102
Trd, 2591127.213, 108
Trd, 2591127.429, 93
Trd, 2591127.779, 90
Trd, 2591128.596, 88
Trd, 2591129.013, 87
Trd, 2591129.029, 115
Trd, 2591129.729, 129
Trd, 2591129.879, 123
Trd, 2591131.779, 94
Trd, 2591132.013, 98
Trd, 2591132.646, 97
Trd, 2591134.479, 105
Trd, 2591135.179, 115
Trd, 2591136.696, 110
Trd, 2591137.096, 110
Trd, 2591137.146, 90
Trd, 2591138.063, 83
Trd, 2591138.813, 82
Trd, 2591138.979, 79
Trd, 2591139.213, 77
Trd, 2591139.913, 87
Trd, 2591140.179, 105
Trd, 2591140.746, 100
Trd, 2591141.013, 106
Trd, 2591141.813, 107
Trd, 2591142.413, 108
Trd, 2591142.979, 107
Trd, 2591143.179, 106
Trd, 2591144.096, 106
Trd, 2591144.896, 107
Trd, 2591145.696, 114
Trd, 2591147.379, 115
Trd, 2591148.513, 115
Trd, 2591148.779, 104
Trd, 2591148.846, 98
Trd, 2591149.279, 94
Trd, 2591149.679, 98
Trd, 2591149.863, 118
Trd, 2591149.963, 91
Trd, 2591150.813, 90
Trd, 2591151.213, 118
Trd, 2591151.613, 87
Trd, 2591152.829, 120
Trd, 2591152.913, 88
Trd, 2591155.029, 89
Trd, 2591156.413, 96
Trd, 2591156.646, 90
Trd, 2591156.896, 100
Trd, 2591157.696, 92
Trd, 2591158.129, 82
Trd, 2591158.213, 85
Trd, 2591159.429, 81
Trd, 2591159.879, 107
Trd, 2591160.179, 106
Trd, 2591161.063, 87
Trd, 2591161.396, 99
Trd, 2591163.163, 103
Trd, 2591163.246, 113
Trd, 2591164.179, 103
Trd, 2591164.296, 101
Trd, 2591165.796, 109
Trd, 2591166.196, 105
Trd, 2591166.379, 98
Trd, 2591167.579, 109
Trd, 2591167.813, 111
Trd, 2591167.996, 106
Trd, 2591168.513, 102
Trd, 2591168.879, 107
Trd, 2591169.863, 94
Trd, 2591170.046, 91
Trd, 2591170.313, 115
Trd, 2591170.346, 87
Trd, 2591172.129, 115
Trd, 2591172.463, 82
Trd, 2591173.229, 111
Trd, 2591174.479, 106
Trd, 2591174.529, 105
Trd, 2591174.679, 94
Trd, 2591176.846, 104
Trd, 2591177.746, 101
Trd, 2591177.863, 91
Trd, 2591178.113, 91
Trd, 2591178.213, 109
Trd, 2591178.913, 121
Trd, 2591180.029, 87
Trd, 2591180.396, 78
Trd, 2591180.763, 110
Trd, 2591181.579, 98
Trd, 2591183.396, 93
Trd, 2591183.679, 91
Trd, 2591185.229, 91
Trd, 2591186.496, 92
Trd, 2591187.096, 108
Trd, 2591188.629, 109
Trd, 2591189.146, 108
Trd, 2591189.229, 101
Trd, 2591189.829, 98
Trd, 2591189.946, 114
Trd, 2591190.296, 95
Trd, 2591190.429, 94
Trd, 2591190.946, 116
Trd, 2591191.213, 88
Trd, 2591191.313, 104
Trd, 2591192.096, 105
Trd, 2591192.429, 118
Trd, 2591194.346, 98
Trd, 2591194.463, 112
Trd, 2591195.446, 102
Trd, 2591195.629, 115
Trd, 2591196.696, 117
Trd, 2591197.229, 105
Trd, 2591198.513, 105
Trd, 2591198.846, 103
Trd, 2591199.796, 103
Trd, 2591200.579, 107
Trd, 2591200.963, 103
Trd, 2591201.129, 101
Trd, 2591201.146, 98
Trd, 2591201.196, 94
Trd, 2591202.779, 104
Trd, 2591203.046, 93
Trd, 2591203.613, 92
Trd, 2591203.879, 90
Trd, 2591204.779, 88
Trd, 2591205.629, 92
Trd, 2591205.696, 87
Trd, 2591205.896, 110
Trd, 2591210.179, 104
Trd, 2591210.813, 107
Trd, 2591211.263, 107
Trd, 2591211.396, 112
Trd, 2591211.696, 115
Trd, 2591211.729, 105
Trd, 2591212.129, 123
Trd, 2591212.563, 104
Trd, 2591212.579, 101
Trd, 2591213.329, 98
Trd, 2591213.513, 118
Trd, 2591214.396, 89
Trd, 2591214.546, 98
Trd, 2591215.113, 88
Trd, 2591215.546, 87
Trd, 2591217.479, 96
Trd, 2591217.496, 99
Trd, 2591219.196, 77
Trd, 2591219.813, 108
Trd, 2591220.579, 105
Trd, 2591220.763, 105
Trd, 2591221.179, 106
Trd, 2591221.296, 104
Trd, 2591222.029, 95
Trd, 2591222.313, 94
Trd, 2591223.879, 108
Trd, 2591225.129, 113
Trd, 2591225.163, 123
Trd, 2591225.529, 112
Trd, 2591227.196, 116
Trd, 2591227.496, 115
Trd, 2591228.179, 108
Trd, 2591229.229, 115
Trd, 2591229.363, 104
Trd, 2591229.763, 101
Trd, 2591229.829, 99
Trd, 2591230.029, 93
Trd, 2591230.446, 92
Trd, 2591230.913, 98
Trd, 2591231.096, 101
Trd, 2591231.696, 91
Trd, 2591231.813, 87
Trd, 2591232.713, 91
Trd, 2591233.796, 108
Trd, 2591234.413, 103
Trd, 2591234.463, 86
Trd, 2591234.779, 83
Trd, 2591236.146, 91
Trd, 2591236.629, 85
Trd, 2591236.979, 99
Trd, 2591238.579, 89
Trd, 2591238.613, 99
Trd, 2591241.729, 103
Trd, 2591241.846, 100
Trd, 2591242.929, 107
Trd, 2591242.979, 108
Trd, 2591243.129, 107
Trd, 2591243.729, 109
Trd, 2591244.229, 114
Trd, 2591244.296, 115
Trd, 2591244.463, 106
Trd, 2591245.429, 104
Trd, 2591246.063, 109
Trd, 2591246.096, 110
Trd, 2591246.546, 105
Trd, 2591247.846, 97
Trd, 2591247.979, 94
Trd, 2591248.079, 91
Trd, 2591248.246, 87
Trd, 2591249.096, 102
Trd, 2591251.413, 106
Trd, 2591251.729, 105
Trd, 2591251.763, 112
Trd, 2591253.063, 105
Trd, 2591253.613, 101
Trd, 2591254.363, 100
Trd, 2591254.913, 101
Trd, 2591255.146, 109
Trd, 2591255.446, 99
Trd, 2591255.546, 115
Trd, 2591257.146, 109
Trd, 2591257.896, 111
Trd, 2591258.529, 117
Trd, 2591259.696, 104
Trd, 2591261.246, 105
Trd, 2591261.596, 98
Trd, 2591262.129, 110
Trd, 2591263.029, 99
Trd, 2591264.496, 101
Trd, 2591265.396, 101
Trd, 2591266.163, 104
Trd, 2591267.879, 103
Trd, 2591268.263, 108
Trd, 2591268.829, 102
Trd, 2591269.146, 99
Trd, 2591270.279, 102
Trd, 2591270.729, 101
Trd, 2591270.879, 98
Trd, 2591271.113, 95
Trd, 2591271.229, 94
Trd, 2591271.446, 91
Trd, 2591271.996, 103
Trd, 2591272.263, 88
Trd, 2591272.579, 112
Trd, 2591274.413, 104
Trd, 2591276.496, 100
Trd, 2591277.329, 95
Trd, 2591277.913, 107
Trd, 2591278.863, 106
Trd, 2591279.079, 97
Trd, 2591279.379, 87
Trd, 2591280.463, 108
Trd, 2591280.679, 113
Trd, 2591280.879, 100
Trd, 2591281.413, 96
Trd, 2591281.496, 101
Trd, 2591281.746, 95
Trd, 2591283.163, 95
Trd, 2591283.179, 94
Trd, 2591283.246, 91
Trd, 2591283.579, 110
Trd, 2591284.046, 101
Trd, 2591286.546, 112
Trd, 2591287.896, 106
Trd, 2591288.079, 96
Trd, 2591289.029, 88
Trd, 2591289.229, 87
Trd, 2591289.479, 86
Trd, 2591289.879, 79
Trd, 2591290.713, 78
Trd, 2591290.746, 100
Trd, 2591290.929, 78
Trd, 2591291.546, 102
Trd, 2591292.679, 107
Trd, 2591293.946, 108
Trd, 2591294.696, 100
Trd, 2591295.646, 98
Trd, 2591297.179, 111
Trd, 2591298.246, 110
Trd, 2591298.346, 103
Trd, 2591299.129, 104
Trd, 2591299.379, 104
Trd, 2591299.713, 103
Trd, 2591300.096, 102
Trd, 2591301.529, 112
Trd, 2591301.546, 104
Trd, 2591301.613, 98
Trd, 2591301.879, 95
Trd, 2591302.029, 115
Trd, 2591303.413, 101
Trd, 2591304.696, 95
Trd, 2591306.029, 109
Trd, 2591306.163, 95
Trd, 2591306.413, 94
Trd, 2591306.879, 90
Trd, 2591308.046, 86
Trd, 2591308.529, 77
Trd, 2591309.113, 101
Trd, 2591309.896, 104
Trd, 2591310.196, 108
Trd, 2591311.646, 84
Trd, 2591312.613, 81
Trd, 2591313.029, 82
Trd, 2591313.313, 94
Trd, 2591315.329, 102
Trd, 2591315.396, 101
Trd, 2591315.863, 98
Trd, 2591315.929, 97
Trd, 2591317.079, 103
Trd, 2591317.146, 97
Trd, 2591318.079, 95
Trd, 2591318.863, 105
Trd, 2591318.896, 103
Trd, 2591319.179, 108
Trd, 2591319.246, 115
Trd, 2591319.396, 115
Trd, 2591319.746, 105
Trd, 2591320.146, 98
Trd, 2591320.679, 103
Trd, 2591321.696, 95
Trd, 2591323.196, 95
Trd, 2591323.429, 94
Trd, 2591323.629, 95
Trd, 2591324.346, 91
Trd, 2591324.713, 97
Trd, 2591325.396, 115
Trd, 2591325.413, 87
Trd, 2591325.996, 101
Trd, 2591326.596, 114
Trd, 2591329.196, 96
Trd, 2591329.479, 107
Trd, 2591329.546, 94
Trd, 2591329.713, 94
Trd, 2591329.963, 108
Trd, 2591330.379, 104
Trd, 2591331.613, 98
Trd, 2591332.996, 113
Trd, 2591333.246, 105
Trd, 2591333.313, 104
Trd, 2591334.646, 106
Trd, 2591335.146, 103
Trd, 2591336.079, 101
Trd, 2591336.646, 114
Trd, 2591336.813, 100
Trd, 2591337.363, 100
Trd, 2591337.696, 101
Trd, 2591337.813, 100
Trd, 2591338.679, 114
Trd, 2591339.613, 115
Trd, 2591340.796, 104
Trd, 2591341.263, 98
Trd, 2591342.629, 97
Trd, 2591343.429, 95
Trd, 2591344.179, 94
Trd, 2591344.779, 93
Trd, 2591344.813, 92
Trd, 2591344.863, 94
Trd, 2591347.113, 103
Trd, 2591347.579, 101
Trd, 2591348.796, 96
Trd, 2591348.879, 105
Trd, 2591349.429, 91
Trd, 2591350.113, 90
Trd, 2591350.479, 98
Trd, 2591352.563, 107
Trd, 2591352.813, 111
Trd, 2591353.513, 105
Trd, 2591353.929, 101
Trd, 2591353.996, 89
Trd, 2591354.479, 87
Trd, 2591354.829, 115
Trd, 2591356.429, 88
Trd, 2591357.246, 87
Trd, 2591357.896, 102
Trd, 2591358.163, 105
Trd, 2591358.279, 85
Trd, 2591359.146, 98
Trd, 2591359.463, 81
Trd, 2591361.079, 88
Trd, 2591363.446, 94
Trd, 2591363.613, 101
Trd, 2591364.029, 94
Trd, 2591365.563, 94
Trd, 2591366.529, 91
Trd, 2591367.363, 105
Trd, 2591367.379, 108
Trd, 2591368.163, 113
Trd, 2591368.196, 97
Trd, 2591369.829, 101
Trd, 2591370.229, 95
Trd, 2591370.363, 94
Trd, 2591370.746, 115
Trd, 2591371.329, 111
Trd, 2591371.629, 103
Trd, 2591372.929, 105
Trd, 2591372.963, 115
Trd, 2591373.463, 101
Trd, 2591373.696, 122
Trd, 2591373.829, 113
Trd, 2591374.429, 103
Trd, 2591374.496, 122
Trd, 2591374.696, 101
Trd, 2591375.363, 91
Trd, 2591377.346, 118
Trd, 2591377.829, 97
Trd, 2591378.646, 88
Trd, 2591379.813, 86
Trd, 2591380.646, 95
Trd, 2591381.246, 98
Trd, 2591381.429, 94
Trd, 2591382.646, 101
Trd, 2591383.379, 96
Trd, 2591383.563, 94
Trd, 2591385.229, 97
Trd, 2591386.579, 99
Trd, 2591386.863, 98
Trd, 2591387.379, 94
Trd, 2591387.563, 100
Trd, 2591388.229, 108
Trd, 2591388.529, 113
Trd, 2591388.779, 92
Trd, 2591389.329, 105
Trd, 2591389.763, 91
Trd, 2591390.613, 100
Trd, 2591390.863, 102
Trd, 2591392.163, 115
Trd, 2591392.979, 115
Trd, 2591393.146, 120
Trd, 2591394.229, 99
Trd, 2591394.479, 116
Trd, 2591394.913, 100
Trd, 2591395.479, 101
Trd, 2591396.163, 102
Trd, 2591397.513, 91
Trd, 2591397.813, 108
Trd, 2591398.079, 84
Trd, 2591398.296, 86
Trd, 2591398.413, 109
Trd, 2591399.096, 84
Trd, 2591399.863, 84
Trd, 2591400.346, 82
Trd, 2591400.613, 105
Trd, 2591400.746, 82
Trd, 2591401.179, 103
Trd, 2591403.746, 105
Trd, 2591404.463, 84
Trd, 2591406.013, 118
Trd, 2591406.463, 94
Trd, 2591407.496, 95
Trd, 2591407.813, 112
Trd, 2591408.713, 100
Trd, 2591409.046, 95
Trd, 2591410.296, 109
Trd, 2591410.779, 110
Trd, 2591411.246, 103
Trd, 2591411.879, 103
Trd, 2591412.563, 103
Trd, 2591413.396, 101
Trd, 2591413.763, 98
Trd, 2591414.763, 91
Trd, 2591416.129, 112
Trd, 2591417.313, 95
Trd, 2591417.596, 94
Trd, 2591418.279, 95
Trd, 2591418.779, 93
Trd, 2591418.829, 96
Trd, 2591418.996, 108
Trd, 2591419.013, 91
Trd, 2591419.813, 110
Trd, 2591421.513, 107
Trd, 2591421.613, 104
Trd, 2591422.029, 112
Trd, 2591422.263, 88
Trd, 2591422.896, 112
Trd, 2591424.346, 111
Trd, 2591424.796, 101
Trd, 2591424.946, 115
Trd, 2591425.063, 101
Trd, 2591425.629, 94
Trd, 2591425.979, 87
Trd, 2591426.129, 77
Trd, 2591427.163, 77
Trd, 2591427.479, 91
Trd, 2591427.579, 85
Trd, 2591427.813, 77
Trd, 2591428.146, 83
Trd, 2591429.029, 108
Trd, 2591431.113, 109
Trd, 2591431.679, 109
Trd, 2591432.363, 106
Trd, 2591432.579, 104
Trd, 2591432.813, 113
Trd, 2591435.063, 110
Trd, 2591437.113, 102
Trd, 2591437.829, 104
Trd, 2591438.596, 101
Trd, 2591439.046, 103
Trd, 2591439.563, 99
Trd, 2591440.313, 100
Trd, 2591441.346, 101
Trd, 2591441.813, 98
Trd, 2591442.446, 108
Trd, 2591442.513, 94
Trd, 2591442.629, 91
Trd, 2591442.913, 111
Trd, 2591443.313, 111
Trd, 2591444.113, 106
Trd, 2591444.663, 105
Trd, 2591445.113, 115
Trd, 2591445.279, 94
Trd, 2591445.963, 113
Trd, 2591446.079, 115
Trd, 2591447.713, 94
Trd, 2591448.196, 98
Trd, 2591449.096, 103
Trd, 2591449.513, 105
Trd, 2591450.579, 98
Trd, 2591450.846, 93
Trd, 2591452.046, 103
Trd, 2591452.579, 108
Trd, 2591454.113, 97
Trd, 2591455.179, 106
Trd, 2591455.396, 107
Trd, 2591455.929, 106
Trd, 2591456.229, 108
Trd, 2591456.679, 105
Trd, 2591456.946, 111
Trd, 2591457.296, 91
Trd, 2591457.479, 85
Trd, 2591457.629, 114
Trd, 2591458.913, 78
Trd, 2591459.063, 77
Trd, 2591460.579, 93
Trd, 2591461.963, 99
Trd, 2591463.096, 112
Trd, 2591464.063, 119
Trd, 2591464.413, 104
Trd, 2591465.846, 105
Trd, 2591465.913, 107
Trd, 2591467.029, 105
Trd, 2591467.546, 101
Trd, 2591469.063, 105
Trd, 2591469.263, 108
Trd, 2591469.529, 98
Trd, 2591470.313, 109
Trd, 2591470.963, 111
Trd, 2591471.296, 96
Trd, 2591471.946, 98
Trd, 2591472.096, 96
Trd, 2591472.413, 94
Trd, 2591472.696, 88
Trd, 2591472.729, 87
Trd, 2591473.129, 102
Trd, 2591473.513, 92
Trd, 2591473.713, 114
Trd, 2591475.879, 107
Trd, 2591476.179, 107
Trd, 2591476.413, 103
Trd, 2591476.496, 96
Trd, 2591476.863, 110
Trd, 2591478.363, 96
Trd, 2591479.796, 96
Trd, 2591480.579, 96
Trd, 2591481.029, 95
Trd, 2591481.796, 95
Trd, 2591481.813, 96
Trd, 2591482.346, 99
Trd, 2591484.413, 103
Trd, 2591484.446, 104
Trd, 2591486.629, 104
Trd, 2591486.763, 103
Trd, 2591486.829, 101
Trd, 2591489.163, 101
Trd, 2591489.279, 100
Trd, 2591489.613, 104
Trd, 2591490.046, 98
Trd, 2591490.296, 108
Trd, 2591490.429, 94
Trd, 2591490.729, 110
Trd, 2591490.963, 94
Trd, 2591491.496, 115
Trd, 2591491.729, 122
Trd, 2591492.163, 100
Trd, 2591492.179, 86
Trd, 2591494.296, 106
Trd, 2591495.813, 102
Trd, 2591496.579, 108
Trd, 2591497.063, 91
Trd, 2591497.413, 91
Trd, 2591498.413, 93
Trd, 2591498.813, 95
Trd, 2591499.096, 94
Trd, 2591499.863, 91
Trd, 2591499.913, 77
Trd, 2591501.546, 105
Trd, 2591501.863, 115
Trd, 2591502.913, 113
Trd, 2591502.963, 107
Trd, 2591503.696, 111
Trd, 2591503.746, 102
Trd, 2591504.346, 115
Trd, 2591504.879, 106
Trd, 2591505.396, 104
Trd, 2591506.096, 109
Trd, 2591506.696, 102
Trd, 2591507.046, 101
Trd, 2591507.396, 110
Trd, 2591509.179, 91
Trd, 2591510.129, 93
Trd, 2591510.229, 87
Trd, 2591510.563, 87
Trd, 2591510.963, 94
Trd, 2591511.446, 78
Trd, 2591513.179, 77
Trd, 2591514.346, 83
Trd, 2591514.779, 94
Trd, 2591515.196, 83
Trd, 2591515.329, 106
Trd, 2591515.679, 99
Trd, 2591516.063, 84
Trd, 2591518.746, 106
Trd, 2591518.913, 101
Trd, 2591519.213, 101
Trd, 2591520.696, 97
Trd, 2591521.329, 96
Trd, 2591521.979, 95
Trd, 2591522.829, 106
Trd, 2591523.096, 114
Trd, 2591523.579, 104
Trd, 2591524.996, 102
Trd, 2591525.496, 100
Trd, 2591525.813, 104
Trd, 2591526.346, 112
Trd, 2591527.263, 91
Trd, 2591527.696, 88
Trd, 2591529.396, 98
Trd, 2591529.696, 104
Trd, 2591531.763, 98
Trd, 2591532.013, 99
Trd, 2591532.279, 105
Trd, 2591532.346, 108
Trd, 2591532.796, 101
Trd, 2591534.579, 111
Trd, 2591534.846, 103
Trd, 2591535.363, 114
Trd, 2591535.563, 115
Trd, 2591536.146, 103
Trd, 2591537.646, 105
Trd, 2591537.763, 112
Trd, 2591538.346, 100
Trd, 2591539.129, 100
Trd, 2591539.179, 115
Trd, 2591539.413, 98
Trd, 2591539.479, 94
Trd, 2591540.863, 94
Trd, 2591541.163, 90
Trd, 2591541.796, 87
Trd, 2591542.979, 87
Trd, 2591543.379, 105
Trd, 2591544.213, 116
Trd, 2591544.796, 85
Trd, 2591545.313, 73
Trd, 2591545.696, 87
Trd, 2591546.379, 88
Trd, 2591547.013, 121
Trd, 2591547.413, 114
Trd, 2591547.646, 100
Trd, 2591548.063, 99
Trd, 2591550.313, 97
Trd, 2591551.096, 97
Trd, 2591553.063, 108
Trd, 2591553.263, 105
Trd, 2591553.879, 104
Trd, 2591554.313, 103
Trd, 2591555.279, 103
Trd, 2591556.163, 104
Trd, 2591556.929, 101
Trd, 2591556.946, 92
Trd, 2591557.363, 101
Trd, 2591558.629, 100
Trd, 2591558.946, 101
Trd, 2591559.246, 118
Trd, 2591561.529, 94
Trd, 2591561.613, 102
Trd, 2591561.679, 94
Trd, 2591562.013, 92
Trd, 2591562.313, 97
Trd, 2591562.496, 87
Trd, 2591562.779, 105
Trd, 2591564.379, 98
Trd, 2591565.713, 90
Trd, 2591566.263, 108
Trd, 2591566.446, 102
Trd, 2591566.646, 86
Trd, 2591566.763, 112
Trd, 2591566.913, 79
Trd, 2591567.613, 77
Trd, 2591568.396, 101
Trd, 2591569.213, 85
Trd, 2591570.346, 81
Trd, 2591570.863, 80
Trd, 2591570.979, 101
Trd, 2591571.529, 105
Trd, 2591572.063, 105
Trd, 2591572.129, 105
Trd, 2591573.113, 110
Trd, 2591573.896, 103
Trd, 2591573.929, 98
Trd, 2591574.363, 115
Trd, 2591575.313, 105
Trd, 2591576.079, 101
Trd, 2591577.063, 83
Trd, 2591578.113, 96
Trd, 2591578.929, 108
Trd, 2591579.463, 92
Trd, 2591580.146, 99
Trd, 2591580.279, 93
Trd, 2591580.313, 91
Trd, 2591581.429, 104
Trd, 2591582.879, 104
Trd, 2591584.013, 91
Trd, 2591584.646, 91
Trd, 2591585.496, 94
Trd, 2591586.646, 107
Trd, 2591586.663, 106
Trd, 2591586.829, 110
Trd, 2591586.846, 103
Trd, 2591587.646, 110
Trd, 2591588.379, 100
Trd, 2591589.163, 101
Trd, 2591589.963, 111
Trd, 2591589.979, 98
Trd, 2591591.829, 86
Trd, 2591592.046, 84
Trd, 2591592.263, 88
Trd, 2591592.729, 101
Trd, 2591592.863, 113
Trd, 2591594.663, 81
Trd, 2591597.479, 102
Trd, 2591597.796, 108
Trd, 2591597.946, 104
Trd, 2591598.746, 108
Trd, 2591598.846, 109
Trd, 2591599.246, 107
Trd, 2591599.996, 104
Trd, 2591600.596, 101
Trd, 2591602.629, 98
Trd, 2591602.746, 110
Trd, 2591603.013, 120
Trd, 2591603.629, 96
Trd, 2591603.863, 99
Trd, 2591604.313, 94
Trd, 2591605.213, 106
Trd, 2591605.546, 105
Trd, 2591606.163, 91
Trd, 2591606.813, 108
Trd, 2591607.879, 115
Trd, 2591608.696, 105
Trd, 2591608.763, 102
Trd, 2591608.913, 91
Trd, 2591609.179, 90
Trd, 2591609.779, 99
Trd, 2591609.863, 90
Trd, 2591609.996, 87
Trd, 2591610.679, 78
Trd, 2591613.113, 99
Trd, 2591613.646, 113
Trd, 2591614.096, 113
Trd, 2591615.529, 117
Trd, 2591616.646, 115
Trd, 2591616.746, 101
Trd, 2591617.579, 106
Trd, 2591617.613, 107
Trd, 2591617.679, 105
Trd, 2591618.979, 101
Trd, 2591619.163, 92
Trd, 2591620.096, 110
Trd, 2591620.129, 90
Trd, 2591620.346, 90
Trd, 2591621.196, 106
Trd, 2591621.579, 107
Trd, 2591621.879, 87
Trd, 2591623.446, 88
Trd, 2591623.463, 97
Trd, 2591623.779, 87
Trd, 2591624.146, 115
Trd, 2591624.296, 122
Trd, 2591625.879, 81
Trd, 2591625.913, 78
Trd, 2591626.346, 80
Trd, 2591626.729, 105
Trd, 2591626.929, 77
Trd, 2591627.246, 105
Trd, 2591629.046, 101
Trd, 2591629.579, 108
Trd, 2591630.229, 99
Trd, 2591630.246, 104
Trd, 2591634.396, 109
Trd, 2591634.696, 108
Trd, 2591634.913, 94
Trd, 2591635.746, 104
Trd, 2591636.213, 105
Trd, 2591637.096, 109
Trd, 2591637.196, 102
Trd, 2591637.213, 98
Trd, 2591637.979, 92
Trd, 2591638.146, 91
Trd, 2591639.479, 87
Trd, 2591640.929, 105
Trd, 2591641.246, 92
Trd, 2591641.946, 107
Trd, 2591642.013, 101
Trd, 2591642.846, 107
Trd, 2591642.979, 97
Trd, 2591643.979, 98
Trd, 2591645.429, 101
Trd, 2591646.396, 94
Trd, 2591646.763, 99
Trd, 2591646.863, 115
Trd, 2591647.429, 122
Trd, 2591647.563, 107
Trd, 2591648.046, 112
Trd, 2591648.779, 107
Trd, 2591651.363, 118
Trd, 2591651.413, 98
Trd, 2591651.496, 118
Trd, 2591652.646, 115
Trd, 2591653.129, 95
Trd, 2591653.696, 91
Trd, 2591653.979, 98
Trd, 2591654.246, 90
Trd, 2591655.229, 87
Trd, 2591655.663, 96
Trd, 2591656.029, 79
Trd, 2591656.313, 78
Trd, 2591657.063, 76
Trd, 2591657.496, 70
Trd, 2591658.763, 84
Trd, 2591658.846, 85
Trd, 2591659.613, 87
Trd, 2591659.813, 96
Trd, 2591659.996, 108
Trd, 2591660.629, 92
Trd, 2591661.996, 114
Trd, 2591662.663, 98
Trd, 2591662.896, 96
Trd, 2591663.279, 111
Trd, 2591663.313, 94
Trd, 2591663.429, 115
Trd, 2591663.929, 90
Trd, 2591665.446, 88
Trd, 2591667.546, 98
Trd, 2591667.629, 97
Trd, 2591668.129, 104
Trd, 2591668.546, 105
Trd, 2591668.646, 96
Trd, 2591669.696, 102
Trd, 2591669.996, 108
Trd, 2591670.713, 119
Trd, 2591671.046, 118
Trd, 2591671.563, 116
Trd, 2591672.296, 103
Trd, 2591672.463, 101
Trd, 2591673.996, 94
Trd, 2591674.079, 91
Trd, 2591674.096, 103
Trd, 2591674.913, 88
Trd, 2591675.113, 100
Trd, 2591676.246, 98
Trd, 2591676.663, 105
Trd, 2591677.179, 108
Trd, 2591677.896, 91
Trd, 2591678.313, 93
Trd, 2591679.413, 93
Trd, 2591680.113, 117
Trd, 2591680.213, 89
Trd, 2591681.663, 91
Trd, 2591682.779, 113
Trd, 2591682.829, 122
Trd, 2591683.279, 97
Trd, 2591683.546, 112
Trd, 2591683.629, 96
Trd, 2591684.196, 87
Trd, 2591685.563, 100
Trd, 2591686.629, 92
Trd, 2591689.396, 91
Trd, 2591689.779, 115
Trd, 2591690.029, 118
Trd, 2591690.613, 92
Trd, 2591692.163, 101
Trd, 2591692.529, 100
Trd, 2591692.929, 99
Trd, 2591692.996, 104
Trd, 2591693.746, 115
Trd, 2591694.146, 103
Trd, 2591694.213, 102
Trd, 2591694.663, 114
Trd, 2591695.163, 112
Trd, 2591695.346, 110
Trd, 2591695.696, 108
Trd, 2591695.896, 101
Trd, 2591696.113, 99
Trd, 2591696.296, 98
Trd, 2591697.229, 104
Trd, 2591698.279, 102
Trd, 2591698.896, 101
Trd, 2591700.513, 105
Trd, 2591701.496, 105
Trd, 2591702.113, 103
Trd, 2591702.196, 101
Trd, 2591702.663, 108
Trd, 2591703.579, 98
Trd, 2591704.713, 104
Trd, 2591704.879, 94
Trd, 2591706.163, 93
Trd, 2591707.013, 97
Trd, 2591707.379, 114
Trd, 2591708.479, 101
Trd, 2591710.496, 118
Trd, 2591710.529, 117
Trd, 2591710.729, 124
Trd, 2591711.379, 103
Trd, 2591711.729, 100
Trd, 2591713.246, 104
Trd, 2591713.946, 116
Trd, 2591715.713, 104
Trd, 2591716.279, 111
Trd, 2591716.496, 98
Trd, 2591716.613, 93
Trd, 2591717.179, 91
Trd, 2591718.746, 106
Trd, 2591719.063, 108
Trd, 2591720.346, 118
Trd, 2591720.679, 106
Trd, 2591720.763, 110
Trd, 2591721.079, 112
Trd, 2591721.396, 94
Trd, 2591721.963, 116
Trd, 2591722.096, 96
Trd, 2591724.329, 106
Trd, 2591725.046, 110
Trd, 2591725.629, 109
Trd, 2591725.696, 108
Trd, 2591726.296, 109
Trd, 2591726.396, 108
Trd, 2591728.229, 109
Trd, 2591728.246, 105
Trd, 2591728.263, 101
Trd, 2591728.329, 94
Trd, 2591730.513, 98
Trd, 2591731.596, 93
Trd, 2591732.596, 91
Trd, 2591732.679, 107
Trd, 2591733.746, 112
Trd, 2591735.629, 109
Trd, 2591735.796, 103
Trd, 2591736.146, 88
Trd, 2591736.396, 88
Trd, 2591736.479, 87
Trd, 2591738.829, 100
Trd, 2591740.129, 103
Trd, 2591740.513, 94
Trd, 2591741.796, 101
Trd, 2591741.879, 100
Trd, 2591742.029, 97
Trd, 2591742.863, 98
Trd, 2591743.046, 88
Trd, 2591743.113, 105
Trd, 2591743.613, 108
Trd, 2591743.646, 89
Trd, 2591744.946, 105
Trd, 2591745.846, 95
Trd, 2591745.996, 87
Trd, 2591746.346, 97
Trd, 2591746.379, 114
Trd, 2591746.896, 87
Trd, 2591747.196, 86
Trd, 2591747.846, 77
Trd, 2591748.129, 73
Trd, 2591748.579, 79
Trd, 2591748.879, 107
Trd, 2591751.496, 78
Trd, 2591752.879, 89
Trd, 2591753.246, 98
Trd, 2591754.763, 91
Trd, 2591756.096, 94
Trd, 2591756.279, 95
Trd, 2591757.729, 102
Trd, 2591757.796, 101
Trd, 2591758.429, 98
Trd, 2591758.463, 108
Trd, 2591758.729, 96
Trd, 2591759.813, 98
Trd, 2591760.196, 97
Trd, 2591761.079, 106
Trd, 2591761.913, 105
Trd, 2591762.763, 94
Trd, 2591763.646, 77
Trd, 2591763.963, 85
Trd, 2591764.529, 90
Trd, 2591764.546, 91
Trd, 2591764.946, 78
Trd, 2591765.013, 87
Trd, 2591766.363, 100
Trd, 2591766.379, 78
Trd, 2591766.846, 107
Trd, 2591769.429, 95
Trd, 2591769.779, 94
Trd, 2591769.996, 82
Trd, 2591770.146, 108
Trd, 2591770.163, 77
Trd, 2591771.196, 105
Trd, 2591771.996, 105
Trd, 2591772.363, 105
Trd, 2591773.213, 102
Trd, 2591773.529, 99
Trd, 2591773.879, 115
Trd, 2591773.929, 100
Trd, 2591774.379, 92
Trd, 2591774.996, 93
Trd, 2591775.179, 92
Trd, 2591776.696, 98
Trd, 2591778.163, 101
Trd, 2591778.496, 110
Trd, 2591779.546, 99
Trd, 2591780.496, 98
Trd, 2591780.729, 107
Trd, 2591781.663, 100
Trd, 2591782.129, 97
Trd, 2591783.196, 98
Trd, 2591783.496, 99
Trd, 2591784.696, 106
Trd, 2591785.613, 106
Trd, 2591785.796, 105
Trd, 2591786.146, 103
Trd, 2591787.646, 112
Trd, 2591787.729, 98
Trd, 2591789.829, 112
Trd, 2591790.396, 112
Trd, 2591790.713, 111
Trd, 2591790.996, 115
Trd, 2591791.046, 105
Trd, 2591791.696, 100
Trd, 2591792.413, 94
Trd, 2591793.246, 112
Trd, 2591793.363, 105
Trd, 2591793.646, 110
Trd, 2591794.479, 123
Trd, 2591794.613, 92
Trd, 2591794.929, 100
Trd, 2591795.263, 87
Trd, 2591796.196, 86
Trd, 2591797.263, 80
Trd, 2591798.913, 95
Trd, 2591799.146, 96
Trd, 2591799.379, 98
Trd, 2591799.696, 83
Trd, 2591799.829, 100
Trd, 2591800.463, 115
Trd, 2591801.729, 114
Trd, 2591802.946, 121
Trd, 2591803.013, 120
Trd, 2591803.413, 119
Trd, 2591803.863, 104
Trd, 2591805.396, 104
Trd, 2591805.913, 98
Trd, 2591806.829, 100
Trd, 2591807.246, 122
Trd, 2591808.129, 111
Trd, 2591808.713, 101
Trd, 2591808.963, 94
Trd, 2591809.213, 90
Trd, 2591810.329, 106
Trd, 2591811.263, 114
Trd, 2591811.563, 108
Trd, 2591811.679, 115
Trd, 2591812.029, 107
Trd, 2591812.646, 116
Trd, 2591813.029, 105
Trd, 2591813.463, 111
Trd, 2591813.829, 112
Trd, 2591814.413, 101
Trd, 2591814.663, 109
Trd, 2591816.196, 111
Trd, 2591816.913, 116
Trd, 2591816.946, 114
Trd, 2591818.596, 103
Trd, 2591818.613, 99
Trd, 2591818.829, 98
Trd, 2591819.446, 97
Trd, 2591820.029, 95
Trd, 2591820.546, 94
Trd, 2591821.113, 87
Trd, 2591822.263, 84
Trd, 2591823.579, 92
Trd, 2591823.713, 93
Trd, 2591824.096, 99
Trd, 2591824.196, 91
Trd, 2591824.679, 89
Trd, 2591824.796, 108
Trd, 2591825.563, 101
Trd, 2591825.613, 88
Trd, 2591826.263, 86
Trd, 2591828.129, 81
Trd, 2591829.046, 105
Trd, 2591829.363, 105
Trd, 2591829.429, 90
Trd, 2591830.846, 86
Trd, 2591832.396, 106
Trd, 2591832.479, 108
Trd, 2591834.513, 108
Trd, 2591834.646, 98
Trd, 2591834.813, 96
Trd, 2591835.513, 104
Trd, 2591837.229, 108
Trd, 2591838.379, 102
Trd, 2591838.596, 101
Trd, 2591839.946, 107
Trd, 2591839.963, 95
Trd, 2591839.996, 87
Trd, 2591840.529, 108
Trd, 2591841.179, 100
Trd, 2591841.379, 102
Trd, 2591842.196, 91
Trd, 2591842.513, 90
Trd, 2591843.663, 104
Trd, 2591844.846, 111
Trd, 2591845.379, 99
Trd, 2591846.313, 96
Trd, 2591846.913, 105
Trd, 2591847.679, 109
Trd, 2591847.729, 112
Trd, 2591848.163, 98
Trd, 2591848.396, 95
Trd, 2591849.913, 114
Trd, 2591851.446, 96
Trd, 2591851.646, 94
Trd, 2591851.929, 100
Trd, 2591852.346, 92
Trd, 2591852.979, 96
Trd, 2591853.146, 98
Trd, 2591854.346, 94
Trd, 2591854.646, 97
Trd, 2591856.446, 90
Trd, 2591857.813, 92
Trd, 2591859.079, 91
Trd, 2591859.913, 108
Trd, 2591861.163, 97
Trd, 2591861.213, 96
Trd, 2591861.279, 98
Trd, 2591862.829, 101
Trd, 2591863.029, 97
Trd, 2591863.613, 97
Trd, 2591864.263, 94
Trd, 2591864.296, 103
Trd, 2591864.996, 105
Trd, 2591866.313, 103
Trd, 2591866.379, 101
Trd, 2591866.746, 105
Trd, 2591867.446, 98
Trd, 2591867.579, 106
Trd, 2591868.363, 105
Trd, 2591868.379, 93
Trd, 2591868.796, 90
Trd, 2591869.329, 86
Trd, 2591869.763, 86
Trd, 2591869.979, 79
Trd, 2591871.263, 87
Trd, 2591871.729, 86
Trd, 2591872.313, 91
Trd, 2591873.113, 107
Trd, 2591873.896, 108
Trd, 2591874.163, 93
Trd, 2591874.996, 100
Trd, 2591875.079, 94
Trd, 2591875.129, 112
Trd, 2591875.946, 81
Trd, 2591876.096, 82
Trd, 2591876.313, 101
Trd, 2591876.363, 115
Trd, 2591878.563, 91
Trd, 2591878.846, 87
Trd, 2591879.179, 77
Trd, 2591879.346, 100
Trd, 2591881.129, 101
Trd, 2591881.829, 105
Trd, 2591881.863, 104
Trd, 2591884.179, 96
Trd, 2591884.413, 94
Trd, 2591884.796, 109
Trd, 2591885.429, 101
Trd, 2591885.513, 110
Trd, 2591888.113, 114
Trd, 2591888.246, 115
Trd, 2591888.963, 100
Trd, 2591889.146, 98
Trd, 2591889.663, 112
Trd, 2591890.863, 103
Trd, 2591890.946, 102
Trd, 2591892.779, 103
Trd, 2591893.196, 102
Trd, 2591893.213, 101
Trd, 2591893.496, 108
Trd, 2591894.113, 109
Trd, 2591895.729, 106
Trd, 2591895.963, 105
Trd, 2591896.379, 96
Trd, 2591896.496, 122
Trd, 2591897.163, 101
Trd, 2591898.129, 98
Trd, 2591899.679, 91
Trd, 2591900.229, 88
Trd, 2591900.913, 112
Trd, 2591901.329, 113
Trd, 2591901.696, 88
Trd, 2591901.913, 82
Trd, 2591902.596, 86
Trd, 2591902.696, 80
Trd, 2591903.796, 79
Trd, 2591904.479, 87
Trd, 2591905.846, 85
Trd, 2591906.113, 81
Trd, 2591907.213, 77
Trd, 2591907.596, 103
Trd, 2591907.679, 102
Trd, 2591908.629, 91
Trd, 2591909.263, 113
Trd, 2591910.213, 93
Trd, 2591910.496, 100
Trd, 2591910.946, 104
Trd, 2591911.596, 97
Trd, 2591911.963, 105
Trd, 2591912.363, 96
Trd, 2591912.446, 108
Trd, 2591913.179, 93
Trd, 2591913.846, 115
Trd, 2591914.413, 95
Trd, 2591914.879, 122
Trd, 2591915.179, 91
Trd, 2591917.663, 113
Trd, 2591918.663, 98
Trd, 2591919.546, 109
Trd, 2591920.363, 107
Trd, 2591920.479, 102
Trd, 2591920.829, 115
Trd, 2591921.679, 98
Trd, 2591922.196, 94
Trd, 2591923.429, 111
Trd, 2591923.513, 100
Trd, 2591923.796, 112
Trd, 2591924.463, 91
Trd, 2591926.213, 90
Trd, 2591926.429, 94
Trd, 2591926.646, 87
Trd, 2591927.163, 85
Trd, 2591927.329, 78
Trd, 2591928.229, 99
Trd, 2591928.679, 108
Trd, 2591929.029, 90
Trd, 2591930.379, 101
Trd, 2591931.046, 115
Trd, 2591931.113, 98
Trd, 2591931.963, 105
Trd, 2591932.579, 94
Trd, 2591934.513, 98
Trd, 2591934.646, 95
Trd, 2591934.946, 94
Trd, 2591934.996, 100
Trd, 2591935.479, 101
Trd, 2591936.946, 96
Trd, 2591938.179, 105
Trd, 2591938.863, 105
Trd, 2591939.713, 106
Trd, 2591940.446, 101
Trd, 2591940.646, 104
Trd, 2591940.746, 108
Trd, 2591941.113, 112
Trd, 2591941.746, 105
Trd, 2591942.429, 96
Trd, 2591943.063, 105
Trd, 2591943.429, 115
Trd, 2591946.179, 108
Trd, 2591946.663, 100
Trd, 2591946.729, 97
Trd, 2591946.896, 94
Trd, 2591947.129, 115
Trd, 2591947.646, 91
Trd, 2591947.746, 77
Trd, 2591949.146, 84
Trd, 2591950.546, 77
Trd, 2591951.113, 69
Trd, 2591951.363, 80
Trd, 2591951.563, 86
Trd, 2591951.629, 87
Trd, 2591952.396, 103
Trd, 2591952.813, 101
Trd, 2591953.779, 114
Trd, 2591953.963, 104
Trd, 2591954.463, 125
Trd, 2591955.263, 118
Trd, 2591955.613, 106
Trd, 2591955.746, 104
Trd, 2591956.546, 105
Trd, 2591957.329, 98
Trd, 2591957.529, 103
Trd, 2591957.679, 106
Trd, 2591957.829, 105
Trd, 2591959.129, 97
Trd, 2591959.463, 94
Trd, 2591959.729, 91
Trd, 2591960.479, 82
Trd, 2591961.746, 94
Trd, 2591961.946, 105
Trd, 2591963.113, 99
Trd, 2591963.213, 101
Trd, 2591964.396, 108
Trd, 2591964.696, 106
Trd, 2591964.713, 113
Trd, 2591964.813, 105
Trd, 2591965.896, 98
Trd, 2591967.496, 111
Trd, 2591968.213, 113
Trd, 2591968.229, 94
Trd, 2591968.696, 113
Trd, 2591968.863, 96
Trd, 2591968.896, 91
Trd, 2591969.129, 91
Trd, 2591969.746, 83
Trd, 2591970.446, 106
Trd, 2591971.946, 95
Trd, 2591972.046, 91
Trd, 2591972.129, 115
Trd, 2591973.196, 88
Trd, 2591974.313, 102
Trd, 2591974.379, 105
Trd, 2591975.946, 106
Trd, 2591975.979, 114
Trd, 2591976.013, 105
Trd, 2591976.463, 103
Trd, 2591976.529, 115
Trd, 2591976.946, 101
Trd, 2591979.513, 100
Trd, 2591982.713, 105
Trd, 2591983.046, 104
Trd, 2591983.363, 101
Trd, 2591983.579, 107
Trd, 2591984.446, 99
Trd, 2591984.513, 98
Trd, 2591984.746, 105
Trd, 2591985.379, 103
Trd, 2591987.263, 92
Trd, 2591989.329, 92
Trd, 2591989.696, 91
Trd, 2591989.713, 94
Trd, 2591989.913, 89
Trd, 2591990.379, 95
Trd, 2591990.996, 108
Trd, 2591991.313, 87
Trd, 2591991.613, 107
Trd, 2591992.379, 102
Trd, 2591992.913, 100
Trd, 2591993.429, 98
Trd, 2591993.663, 106
Trd, 2591993.679, 95
Trd, 2591994.479, 81
Trd, 2591995.429, 106
Trd, 2591995.946, 105
Trd, 2591996.296, 104
Trd, 2591996.346, 103
Trd, 2591997.096, 77
Trd, 2591998.029, 114
Trd, 2591998.129, 115
Trd, 2591999.313, 101
Trd, 2591999.513, 91
