Trd, 2590703.863, 92
Trd, 2590705.679, 99
Trd, 2590705.763, 113
Trd, 2590706.213, 117
Trd, 2590707.363, 109
Trd, 2590708.529, 111
Trd, 2590708.713, 110
Trd, 2590709.846, 104
Trd, 2590710.763, 95
Trd, 2590712.129, 95
Trd, 2590712.429, 94
Trd, 2590714.013, 91
Trd, 2590714.229, 93
Trd, 2590714.663, 102
Trd, 2590714.979, 103
Trd, 2590714.996, 88
Trd, 2590715.229, 104
Trd, 2590716.713, 105
Trd, 2590717.563, 113
Trd, 2590717.713, 98
Trd, 2590717.996, 113
Trd, 2590719.463, 97
Trd, 2590720.196, 96
Trd, 2590720.729, 94
Trd, 2590721.429, 94
Trd, 2590721.646, 95
Trd, 2590723.129, 98
Trd, 2590723.446, 98
Trd, 2590723.563, 99
Trd, 2590723.796, 101
Trd, 2590724.429, 105
Trd, 2590724.596, 104
Trd, 2590725.463, 106
Trd, 2590725.663, 106
Trd, 2590725.829, 101
Trd, 2590726.796, 105
Trd, 2590727.013, 94
Trd, 2590727.113, 107
Trd, 2590727.213, 115
Trd, 2590728.163, 93
Trd, 2590728.763, 108
Trd, 2590729.313, 95
Trd, 2590730.546, 91
Trd, 2590731.229, 112
Trd, 2590731.296, 94
Trd, 2590732.446, 110
Trd, 2590732.796, 113
Trd, 2590733.663, 115
Trd, 2590734.179, 116
Trd, 2590734.913, 118
Trd, 2590735.296, 118
Trd, 2590735.713, 118
Trd, 2590735.829, 117
Trd, 2590736.313, 105
Trd, 2590736.946, 113
Trd, 2590737.946, 112
Trd, 2590738.329, 105
Trd, 2590738.479, 101
Trd, 2590739.063, 98
Trd, 2590739.613, 91
Trd, 2590739.779, 100
Trd, 2590740.129, 100
Trd, 2590740.913, 102
Trd, 2590740.946, 103
Trd, 2590740.979, 118
Trd, 2590744.146, 93
Trd, 2590744.679, 93
Trd, 2590745.246, 92
Trd, 2590745.396, 91
Trd, 2590745.579, 84
Trd, 2590745.763, 94
Trd, 2590746.546, 82
Trd, 2590747.213, 82
Trd, 2590747.679, 84
Trd, 2590748.429, 84
Trd, 2590748.596, 89
Trd, 2590749.763, 87
Trd, 2590750.029, 88
Trd, 2590750.546, 96
Trd, 2590750.563, 98
Trd, 2590752.479, 101
Trd, 2590752.496, 105
Trd, 2590753.063, 107
Trd, 2590753.279, 108
Trd, 2590753.579, 102
Trd, 2590754.463, 105
Trd, 2590754.779, 106
Trd, 2590755.113, 101
Trd, 2590756.063, 108
Trd, 2590756.879, 109
Trd, 2590757.013, 110
Trd, 2590757.163, 87
Trd, 2590757.246, 86
Trd, 2590758.363, 91
Trd, 2590759.879, 93
Trd, 2590760.529, 88
Trd, 2590761.113, 89
Trd, 2590761.213, 88
Trd, 2590761.829, 89
Trd, 2590762.429, 92
Trd, 2590762.929, 92
Trd, 2590764.263, 92
Trd, 2590764.729, 94
Trd, 2590765.196, 98
Trd, 2590765.663, 107
Trd, 2590767.979, 111
Trd, 2590768.746, 98
Trd, 2590769.179, 95
Trd, 2590769.446, 105
Trd, 2590769.496, 94
Trd, 2590769.729, 96
Trd, 2590769.896, 91
Trd, 2590770.013, 105
Trd, 2590770.713, 91
Trd, 2590770.729, 105
Trd, 2590771.013, 108
Trd, 2590771.896, 90
Trd, 2590772.213, 87
Trd, 2590773.963, 86
Trd, 2590774.179, 88
Trd, 2590774.613, 97
Trd, 2590775.263, 101
Trd, 2590776.363, 109
Trd, 2590776.746, 109
Trd, 2590777.629, 115
Trd, 2590777.729, 109
Trd, 2590779.829, 106
Trd, 2590780.063, 105
Trd, 2590780.113, 101
Trd, 2590780.529, 106
Trd, 2590780.613, 99
Trd, 2590782.013, 100
Trd, 2590782.913, 104
Trd, 2590783.546, 101
Trd, 2590783.679, 101
Trd, 2590784.263, 97
Trd, 2590785.379, 97
Trd, 2590785.663, 94
Trd, 2590785.779, 87
Trd, 2590786.129, 98
Trd, 2590786.163, 101
Trd, 2590786.246, 83
Trd, 2590786.746, 103
Trd, 2590788.429, 98
Trd, 2590789.296, 101
Trd, 2590789.313, 98
Trd, 2590789.496, 105
Trd, 2590790.963, 105
Trd, 2590791.113, 99
Trd, 2590791.929, 96
Trd, 2590791.979, 105
Trd, 2590792.396, 108
Trd, 2590792.479, 98
Trd, 2590792.579, 95
Trd, 2590794.646, 108
Trd, 2590795.029, 107
Trd, 2590795.179, 104
Trd, 2590795.229, 94
Trd, 2590795.263, 108
Trd, 2590796.929, 92
Trd, 2590798.263, 104
Trd, 2590798.779, 100
Trd, 2590798.879, 104
Trd, 2590798.946, 105
Trd, 2590799.879, 105
Trd, 2590800.146, 104
Trd, 2590800.413, 103
Trd, 2590800.663, 108
Trd, 2590802.479, 95
Trd, 2590802.496, 93
Trd, 2590804.879, 105
Trd, 2590805.613, 102
Trd, 2590805.646, 110
Trd, 2590806.996, 108
Trd, 2590807.013, 110
Trd, 2590807.146, 113
Trd, 2590807.563, 104
Trd, 2590808.763, 110
Trd, 2590809.479, 110
Trd, 2590809.729, 107
Trd, 2590810.096, 108
Trd, 2590810.863, 102
Trd, 2590810.913, 101
Trd, 2590811.563, 97
Trd, 2590812.079, 98
Trd, 2590812.113, 100
Trd, 2590812.813, 98
Trd, 2590812.913, 92
Trd, 2590813.563, 108
Trd, 2590813.946, 94
Trd, 2590814.613, 92
Trd, 2590814.746, 90
Trd, 2590814.879, 87
Trd, 2590815.546, 89
Trd, 2590817.263, 91
Trd, 2590818.463, 98
Trd, 2590818.646, 91
Trd, 2590820.429, 94
Trd, 2590820.563, 95
Trd, 2590820.696, 101
Trd, 2590821.013, 98
Trd, 2590821.079, 115
Trd, 2590821.679, 115
Trd, 2590823.063, 96
Trd, 2590825.346, 87
Trd, 2590825.829, 85
Trd, 2590826.496, 90
Trd, 2590826.546, 91
Trd, 2590826.929, 91
Trd, 2590827.729, 92
Trd, 2590828.263, 96
Trd, 2590828.613, 100
Trd, 2590828.646, 79
Trd, 2590829.529, 94
Trd, 2590829.663, 92
Trd, 2590830.446, 96
Trd, 2590830.563, 95
Trd, 2590831.029, 97
Trd, 2590831.796, 94
Trd, 2590832.029, 93
Trd, 2590832.663, 101
Trd, 2590833.613, 104
Trd, 2590833.996, 100
Trd, 2590835.229, 102
Trd, 2590835.313, 101
Trd, 2590835.696, 103
Trd, 2590835.846, 103
Trd, 2590836.313, 104
Trd, 2590836.846, 98
Trd, 2590837.446, 95
Trd, 2590837.929, 105
Trd, 2590838.796, 107
Trd, 2590839.146, 108
Trd, 2590839.879, 105
Trd, 2590840.646, 111
Trd, 2590841.163, 111
Trd, 2590841.646, 95
Trd, 2590841.746, 99
Trd, 2590842.513, 94
Trd, 2590842.979, 91
Trd, 2590843.746, 91
Trd, 2590844.596, 101
Trd, 2590845.079, 102
Trd, 2590845.429, 97
Trd, 2590845.446, 87
Trd, 2590845.813, 87
Trd, 2590846.729, 105
Trd, 2590847.829, 94
Trd, 2590848.479, 98
Trd, 2590848.563, 91
Trd, 2590849.163, 94
Trd, 2590850.763, 95
Trd, 2590852.013, 105
Trd, 2590852.146, 101
Trd, 2590852.513, 106
Trd, 2590852.929, 99
Trd, 2590853.496, 100
Trd, 2590854.063, 101
Trd, 2590854.096, 100
Trd, 2590854.329, 105
Trd, 2590855.513, 95
Trd, 2590855.646, 107
Trd, 2590856.046, 109
Trd, 2590856.063, 98
Trd, 2590857.629, 109
Trd, 2590857.779, 108
Trd, 2590858.046, 111
Trd, 2590860.213, 111
Trd, 2590861.013, 105
Trd, 2590861.796, 109
Trd, 2590862.179, 110
Trd, 2590862.396, 114
Trd, 2590862.496, 98
Trd, 2590862.996, 115
Trd, 2590863.146, 112
Trd, 2590864.329, 96
Trd, 2590864.546, 94
Trd, 2590864.829, 94
Trd, 2590866.629, 104
Trd, 2590866.763, 105
Trd, 2590867.213, 104
Trd, 2590867.446, 103
Trd, 2590868.363, 105
Trd, 2590869.113, 107
Trd, 2590869.863, 103
Trd, 2590870.496, 101
Trd, 2590871.879, 98
Trd, 2590872.313, 98
Trd, 2590873.463, 97
Trd, 2590874.179, 100
Trd, 2590874.463, 101
Trd, 2590874.596, 105
Trd, 2590875.063, 99
Trd, 2590875.246, 105
Trd, 2590875.579, 96
Trd, 2590876.096, 113
Trd, 2590876.863, 95
Trd, 2590877.513, 91
Trd, 2590877.763, 105
Trd, 2590877.879, 112
Trd, 2590878.879, 92
Trd, 2590878.929, 87
Trd, 2590879.246, 114
Trd, 2590880.463, 93
Trd, 2590881.163, 91
Trd, 2590881.713, 113
Trd, 2590882.096, 88
Trd, 2590882.563, 112
Trd, 2590883.763, 109
Trd, 2590885.629, 95
Trd, 2590885.646, 94
Trd, 2590885.746, 93
Trd, 2590886.829, 98
Trd, 2590886.896, 108
Trd, 2590887.013, 109
Trd, 2590887.046, 95
Trd, 2590887.346, 94
Trd, 2590888.313, 104
Trd, 2590890.129, 96
Trd, 2590890.729, 94
Trd, 2590890.913, 87
Trd, 2590890.963, 95
Trd, 2590891.379, 94
Trd, 2590891.579, 101
Trd, 2590891.646, 108
Trd, 2590893.346, 98
Trd, 2590893.396, 94
Trd, 2590894.079, 114
Trd, 2590894.196, 98
Trd, 2590895.446, 91
Trd, 2590897.346, 89
Trd, 2590897.763, 93
Trd, 2590897.829, 90
Trd, 2590898.846, 96
Trd, 2590899.513, 96
Trd, 2590899.613, 96
Trd, 2590899.863, 98
Trd, 2590901.446, 97
Trd, 2590901.529, 101
Trd, 2590902.579, 98
Trd, 2590902.779, 97
Trd, 2590903.096, 94
Trd, 2590903.213, 101
Trd, 2590903.446, 101
Trd, 2590903.529, 102
Trd, 2590903.979, 98
Trd, 2590904.046, 105
Trd, 2590904.363, 87
Trd, 2590904.429, 84
Trd, 2590906.179, 90
Trd, 2590906.613, 85
Trd, 2590906.663, 88
Trd, 2590907.879, 89
Trd, 2590907.963, 90
Trd, 2590909.229, 91
Trd, 2590910.796, 101
Trd, 2590910.829, 97
Trd, 2590911.029, 105
Trd, 2590912.063, 96
Trd, 2590912.479, 106
Trd, 2590913.663, 96
Trd, 2590913.763, 108
Trd, 2590914.613, 97
Trd, 2590914.813, 96
Trd, 2590915.446, 108
Trd, 2590915.663, 97
Trd, 2590916.546, 112
Trd, 2590918.579, 99
Trd, 2590918.779, 99
Trd, 2590918.796, 98
Trd, 2590918.996, 100
Trd, 2590919.213, 104
Trd, 2590920.046, 96
Trd, 2590920.713, 96
Trd, 2590921.013, 103
Trd, 2590921.029, 95
Trd, 2590922.129, 94
Trd, 2590922.996, 91
Trd, 2590923.379, 85
Trd, 2590924.546, 86
Trd, 2590925.013, 87
Trd, 2590925.396, 86
Trd, 2590925.646, 88
Trd, 2590925.963, 84
Trd, 2590926.329, 98
Trd, 2590926.729, 87
Trd, 2590927.179, 105
Trd, 2590927.663, 85
Trd, 2590928.779, 86
Trd, 2590930.463, 94
Trd, 2590930.829, 95
Trd, 2590931.229, 89
Trd, 2590932.046, 91
Trd, 2590932.146, 94
Trd, 2590932.463, 108
Trd, 2590932.913, 116
Trd, 2590932.946, 103
Trd, 2590932.979, 117
Trd, 2590934.029, 109
Trd, 2590935.596, 109
Trd, 2590935.746, 108
Trd, 2590937.696, 104
Trd, 2590937.996, 105
Trd, 2590938.146, 107
Trd, 2590938.663, 104
Trd, 2590939.213, 107
Trd, 2590939.646, 106
Trd, 2590940.829, 106
Trd, 2590941.013, 105
Trd, 2590941.596, 101
Trd, 2590941.613, 94
Trd, 2590941.829, 95
Trd, 2590942.463, 106
Trd, 2590943.629, 99
Trd, 2590944.146, 99
Trd, 2590945.763, 106
Trd, 2590946.263, 106
Trd, 2590947.379, 107
Trd, 2590948.096, 107
Trd, 2590948.629, 101
Trd, 2590948.846, 97
Trd, 2590949.096, 94
Trd, 2590949.313, 91
Trd, 2590949.563, 87
Trd, 2590949.979, 100
Trd, 2590950.079, 108
Trd, 2590950.146, 112
Trd, 2590950.796, 106
Trd, 2590951.963, 104
Trd, 2590953.246, 92
Trd, 2590954.229, 94
Trd, 2590954.513, 94
Trd, 2590955.379, 91
Trd, 2590955.713, 92
Trd, 2590957.313, 93
Trd, 2590958.529, 90
Trd, 2590958.546, 92
Trd, 2590958.763, 91
Trd, 2590959.046, 91
Trd, 2590959.113, 89
Trd, 2590959.529, 94
Trd, 2590960.096, 94
Trd, 2590960.196, 101
Trd, 2590960.663, 93
Trd, 2590960.796, 105
Trd, 2590960.929, 91
Trd, 2590961.429, 107
Trd, 2590962.063, 108
Trd, 2590962.113, 115
Trd, 2590962.213, 87
Trd, 2590963.063, 115
Trd, 2590964.363, 109
Trd, 2590964.563, 109
Trd, 2590965.679, 111
Trd, 2590966.746, 109
Trd, 2590966.963, 108
Trd, 2590967.229, 115
Trd, 2590967.279, 106
Trd, 2590967.513, 105
Trd, 2590968.363, 101
Trd, 2590969.429, 98
Trd, 2590969.696, 97
Trd, 2590971.529, 99
Trd, 2590971.546, 100
Trd, 2590971.929, 96
Trd, 2590972.163, 98
Trd, 2590972.263, 94
Trd, 2590973.013, 100
Trd, 2590973.996, 99
Trd, 2590974.113, 91
Trd, 2590975.596, 92
Trd, 2590976.079, 91
Trd, 2590976.796, 95
Trd, 2590977.046, 100
Trd, 2590977.163, 101
Trd, 2590977.363, 105
Trd, 2590977.663, 93
Trd, 2590978.279, 90
Trd, 2590979.346, 109
Trd, 2590981.146, 106
Trd, 2590981.629, 98
Trd, 2590981.829, 107
Trd, 2590982.546, 104
Trd, 2590982.929, 101
Trd, 2590983.046, 101
Trd, 2590983.279, 100
Trd, 2590983.446, 103
Trd, 2590983.496, 94
Trd, 2590985.713, 116
Trd, 2590986.379, 115
Trd, 2590986.829, 111
Trd, 2590987.446, 112
Trd, 2590988.129, 118
Trd, 2590988.679, 110
Trd, 2590988.763, 107
Trd, 2590990.879, 94
Trd, 2590991.446, 110
Trd, 2590991.696, 93
Trd, 2590991.713, 91
Trd, 2590992.896, 102
Trd, 2590993.113, 98
Trd, 2590994.496, 87
Trd, 2590994.746, 94
Trd, 2590995.613, 93
Trd, 2590995.863, 84
Trd, 2590996.596, 86
Trd, 2590996.729, 87
Trd, 2590998.229, 95
Trd, 2590998.963, 98
Trd, 2590999.013, 97
Trd, 2590999.029, 98
Trd, 2590999.396, 105
Trd, 2590999.729, 107
Trd, 2591001.029, 103
Trd, 2591001.079, 102
Trd, 2591001.129, 101
Trd, 2591001.863, 98
Trd, 2591002.596, 94
Trd, 2591002.996, 95
Trd, 2591003.213, 87
Trd, 2591003.429, 99
Trd, 2591003.779, 105
Trd, 2591004.929, 90
Trd, 2591006.446, 84
Trd, 2591007.729, 88
Trd, 2591007.813, 89
Trd, 2591008.313, 99
Trd, 2591009.196, 92
Trd, 2591009.946, 95
Trd, 2591009.963, 94
Trd, 2591010.496, 101
Trd, 2591010.646, 93
Trd, 2591011.696, 95
Trd, 2591011.996, 102
Trd, 2591012.263, 106
Trd, 2591012.829, 99
Trd, 2591012.946, 98
Trd, 2591013.113, 97
Trd, 2591013.729, 95
Trd, 2591015.879, 85
Trd, 2591016.979, 91
Trd, 2591017.229, 88
Trd, 2591019.096, 93
Trd, 2591019.263, 94
Trd, 2591019.513, 98
Trd, 2591020.546, 102
Trd, 2591021.246, 104
Trd, 2591021.663, 105
Trd, 2591021.713, 104
Trd, 2591022.196, 106
Trd, 2591022.529, 104
Trd, 2591022.696, 107
Trd, 2591023.513, 99
Trd, 2591024.463, 99
Trd, 2591025.229, 98
Trd, 2591026.179, 101
Trd, 2591026.996, 99
Trd, 2591027.113, 103
Trd, 2591027.513, 98
Trd, 2591027.963, 105
Trd, 2591028.463, 108
Trd, 2591028.879, 116
Trd, 2591029.079, 94
Trd, 2591029.579, 91
Trd, 2591030.929, 113
Trd, 2591031.646, 92
Trd, 2591031.963, 111
Trd, 2591032.279, 93
Trd, 2591032.646, 112
Trd, 2591032.913, 97
Trd, 2591033.096, 118
Trd, 2591034.813, 112
Trd, 2591034.929, 97
Trd, 2591036.179, 97
Trd, 2591036.763, 112
Trd, 2591038.079, 105
Trd, 2591038.446, 103
Trd, 2591038.879, 102
Trd, 2591039.796, 107
Trd, 2591039.813, 103
Trd, 2591040.546, 107
Trd, 2591041.279, 105
Trd, 2591041.479, 102
Trd, 2591042.079, 104
Trd, 2591042.246, 103
Trd, 2591042.713, 106
Trd, 2591043.913, 108
Trd, 2591044.446, 101
Trd, 2591045.113, 108
Trd, 2591045.896, 94
Trd, 2591046.179, 110
Trd, 2591047.063, 98
Trd, 2591047.663, 92
Trd, 2591048.279, 97
Trd, 2591048.413, 91
Trd, 2591048.463, 87
Trd, 2591048.796, 83
Trd, 2591050.363, 88
Trd, 2591050.729, 94
Trd, 2591051.879, 91
Trd, 2591052.129, 91
Trd, 2591052.529, 92
Trd, 2591052.779, 93
Trd, 2591052.829, 91
Trd, 2591053.979, 98
Trd, 2591054.196, 101
Trd, 2591054.546, 112
Trd, 2591054.663, 115
Trd, 2591054.696, 93
Trd, 2591055.563, 88
Trd, 2591056.196, 111
Trd, 2591056.563, 119
Trd, 2591058.063, 91
Trd, 2591058.446, 91
Trd, 2591058.696, 90
Trd, 2591059.179, 111
Trd, 2591059.646, 87
Trd, 2591059.846, 101
Trd, 2591060.013, 84
Trd, 2591061.413, 111
Trd, 2591062.963, 110
Trd, 2591062.996, 111
Trd, 2591063.029, 108
Trd, 2591064.429, 101
Trd, 2591065.263, 108
Trd, 2591065.413, 99
Trd, 2591065.613, 98
Trd, 2591066.213, 98
Trd, 2591066.646, 97
Trd, 2591066.696, 90
Trd, 2591067.229, 107
Trd, 2591067.279, 91
Trd, 2591067.379, 108
Trd, 2591067.496, 87
Trd, 2591070.029, 106
Trd, 2591070.596, 107
Trd, 2591071.046, 106
Trd, 2591071.163, 105
Trd, 2591071.879, 87
Trd, 2591073.763, 98
Trd, 2591073.929, 100
Trd, 2591074.229, 108
Trd, 2591074.463, 118
Trd, 2591075.846, 117
Trd, 2591076.029, 117
Trd, 2591076.263, 115
Trd, 2591076.429, 115
Trd, 2591076.613, 115
Trd, 2591076.913, 110
Trd, 2591077.829, 90
Trd, 2591078.996, 91
Trd, 2591079.196, 94
Trd, 2591079.729, 87
Trd, 2591079.929, 84
Trd, 2591081.713, 93
Trd, 2591081.913, 94
Trd, 2591082.596, 81
Trd, 2591083.213, 90
Trd, 2591083.496, 91
Trd, 2591084.513, 95
Trd, 2591085.313, 94
Trd, 2591085.463, 101
Trd, 2591086.313, 90
Trd, 2591086.746, 94
Trd, 2591087.163, 96
Trd, 2591088.613, 98
Trd, 2591089.413, 101
Trd, 2591089.813, 101
Trd, 2591089.963, 101
Trd, 2591090.896, 90
Trd, 2591091.163, 97
Trd, 2591091.363, 98
Trd, 2591091.596, 99
Trd, 2591091.679, 105
Trd, 2591091.996, 92
Trd, 2591092.179, 108
Trd, 2591092.496, 99
Trd, 2591093.613, 109
Trd, 2591093.963, 105
Trd, 2591094.596, 111
Trd, 2591095.546, 109
Trd, 2591095.579, 112
Trd, 2591095.996, 107
Trd, 2591096.179, 101
Trd, 2591096.279, 111
Trd, 2591097.713, 108
Trd, 2591098.046, 98
Trd, 2591098.446, 94
Trd, 2591100.179, 105
Trd, 2591100.929, 89
Trd, 2591101.713, 95
Trd, 2591101.729, 87
Trd, 2591102.996, 91
Trd, 2591103.213, 96
Trd, 2591103.929, 83
Trd, 2591104.196, 108
Trd, 2591104.413, 98
Trd, 2591105.246, 83
Trd, 2591105.813, 89
Trd, 2591105.963, 81
Trd, 2591106.729, 91
Trd, 2591107.446, 101
Trd, 2591109.896, 91
Trd, 2591110.079, 91
Trd, 2591110.146, 90
Trd, 2591110.713, 92
Trd, 2591110.846, 94
Trd, 2591111.496, 92
Trd, 2591111.729, 94
Trd, 2591112.479, 102
Trd, 2591113.629, 100
Trd, 2591115.329, 100
Trd, 2591115.829, 94
Trd, 2591116.313, 100
Trd, 2591116.346, 88
Trd, 2591116.479, 87
Trd, 2591116.513, 103
Trd, 2591116.796, 84
Trd, 2591118.046, 83
Trd, 2591118.529, 85
Trd, 2591118.646, 86
Trd, 2591118.746, 91
Trd, 2591118.829, 81
Trd, 2591120.613, 101
Trd, 2591120.779, 108
Trd, 2591120.896, 112
Trd, 2591121.846, 100
Trd, 2591123.779, 110
Trd, 2591123.896, 109
Trd, 2591124.129, 111
Trd, 2591124.496, 111
Trd, 2591124.929, 110
Trd, 2591124.996, 111
Trd, 2591126.129, 113
Trd, 2591126.329, 112
Trd, 2591126.829, 108
Trd, 2591126.979, 104
Trd, 2591127.213, 101
Trd, 2591128.929, 97
Trd, 2591129.163, 105
Trd, 2591130.013, 106
Trd, 2591130.396, 104
Trd, 2591131.046, 102
Trd, 2591132.346, 106
Trd, 2591132.513, 108
Trd, 2591133.113, 112
Trd, 2591133.879, 113
Trd, 2591133.929, 107
Trd, 2591134.629, 112
Trd, 2591134.996, 116
Trd, 2591135.196, 118
Trd, 2591137.213, 111
Trd, 2591138.063, 105
Trd, 2591139.313, 101
Trd, 2591140.263, 111
Trd, 2591140.479, 110
Trd, 2591140.513, 107
Trd, 2591141.513, 101
Trd, 2591141.713, 100
Trd, 2591141.763, 101
Trd, 2591143.179, 97
Trd, 2591143.213, 94
Trd, 2591144.046, 96
Trd, 2591144.763, 100
Trd, 2591145.396, 98
Trd, 2591145.429, 105
Trd, 2591145.613, 91
Trd, 2591146.046, 107
Trd, 2591146.196, 87
Trd, 2591146.729, 86
Trd, 2591146.829, 107
Trd, 2591149.546, 97
Trd, 2591150.113, 89
Trd, 2591151.079, 101
Trd, 2591151.446, 94
Trd, 2591152.413, 98
Trd, 2591152.479, 97
Trd, 2591153.446, 101
Trd, 2591154.046, 102
Trd, 2591154.079, 101
Trd, 2591154.846, 108
Trd, 2591155.396, 107
Trd, 2591156.163, 101
Trd, 2591156.379, 97
Trd, 2591156.996, 98
Trd, 2591157.096, 94
Trd, 2591157.546, 108
Trd, 2591158.429, 101
Trd, 2591158.946, 94
Trd, 2591159.079, 100
Trd, 2591159.563, 101
Trd, 2591160.379, 99
Trd, 2591160.846, 97
Trd, 2591160.863, 96
Trd, 2591161.596, 93
Trd, 2591161.946, 91
Trd, 2591162.829, 87
Trd, 2591162.896, 92
Trd, 2591162.929, 93
Trd, 2591165.263, 97
Trd, 2591166.546, 98
Trd, 2591167.063, 96
Trd, 2591168.596, 95
Trd, 2591170.096, 101
Trd, 2591170.396, 99
Trd, 2591170.496, 98
Trd, 2591170.613, 104
Trd, 2591170.729, 105
Trd, 2591171.163, 101
Trd, 2591171.229, 100
Trd, 2591171.496, 99
Trd, 2591172.213, 103
Trd, 2591172.513, 95
Trd, 2591173.213, 94
Trd, 2591173.946, 98
Trd, 2591174.346, 91
Trd, 2591175.279, 104
Trd, 2591176.363, 100
Trd, 2591176.529, 113
Trd, 2591177.213, 102
Trd, 2591177.496, 112
Trd, 2591178.413, 102
Trd, 2591179.246, 107
Trd, 2591179.846, 108
Trd, 2591179.863, 109
Trd, 2591180.096, 113
Trd, 2591181.029, 105
Trd, 2591182.063, 104
Trd, 2591182.746, 101
Trd, 2591182.946, 98
Trd, 2591183.363, 94
Trd, 2591183.879, 106
Trd, 2591184.146, 108
Trd, 2591186.613, 95
Trd, 2591186.729, 107
Trd, 2591187.029, 107
Trd, 2591187.429, 108
Trd, 2591187.963, 98
Trd, 2591188.146, 91
Trd, 2591188.979, 88
Trd, 2591189.679, 90
Trd, 2591189.829, 92
Trd, 2591189.846, 105
Trd, 2591190.096, 103
Trd, 2591190.679, 89
Trd, 2591192.896, 94
Trd, 2591192.913, 93
Trd, 2591192.929, 95
Trd, 2591194.496, 99
Trd, 2591194.596, 100
Trd, 2591195.279, 100
Trd, 2591195.613, 99
Trd, 2591195.696, 98
Trd, 2591195.946, 101
Trd, 2591196.929, 97
Trd, 2591197.313, 87
Trd, 2591199.046, 84
Trd, 2591199.679, 95
Trd, 2591200.029, 96
Trd, 2591201.046, 91
Trd, 2591201.679, 98
Trd, 2591201.946, 98
Trd, 2591202.163, 99
Trd, 2591202.596, 105
Trd, 2591203.113, 101
Trd, 2591203.246, 99
Trd, 2591203.613, 107
Trd, 2591204.029, 94
Trd, 2591205.446, 107
Trd, 2591205.929, 107
Trd, 2591206.046, 107
Trd, 2591206.979, 107
Trd, 2591207.279, 105
Trd, 2591207.579, 98
Trd, 2591207.946, 114
Trd, 2591208.163, 95
Trd, 2591209.263, 112
Trd, 2591209.429, 95
Trd, 2591210.463, 95
Trd, 2591211.529, 114
Trd, 2591211.929, 115
Trd, 2591212.363, 115
Trd, 2591213.063, 115
Trd, 2591213.746, 112
Trd, 2591213.813, 94
Trd, 2591215.063, 104
Trd, 2591215.479, 109
Trd, 2591215.829, 102
Trd, 2591216.763, 101
Trd, 2591216.946, 109
Trd, 2591217.696, 106
Trd, 2591218.029, 98
Trd, 2591218.613, 91
Trd, 2591218.763, 87
Trd, 2591219.729, 103
Trd, 2591220.996, 94
Trd, 2591221.013, 104
Trd, 2591221.613, 98
Trd, 2591221.746, 95
Trd, 2591223.663, 97
Trd, 2591223.879, 97
Trd, 2591224.046, 97
Trd, 2591224.463, 100
Trd, 2591225.563, 100
Trd, 2591225.746, 101
Trd, 2591225.813, 99
Trd, 2591227.563, 99
Trd, 2591227.646, 97
Trd, 2591227.863, 94
Trd, 2591228.579, 96
Trd, 2591228.646, 101
Trd, 2591229.346, 105
Trd, 2591230.513, 104
Trd, 2591230.646, 101
Trd, 2591231.629, 92
Trd, 2591232.029, 92
Trd, 2591232.529, 109
Trd, 2591232.679, 110
Trd, 2591232.996, 110
Trd, 2591233.496, 112
Trd, 2591233.529, 115
Trd, 2591233.813, 104
Trd, 2591233.879, 118
Trd, 2591233.946, 122
Trd, 2591234.346, 100
Trd, 2591234.663, 98
Trd, 2591234.729, 127
Trd, 2591237.846, 94
Trd, 2591237.863, 91
Trd, 2591239.313, 118
Trd, 2591239.913, 110
Trd, 2591240.346, 108
Trd, 2591241.146, 108
Trd, 2591241.413, 107
Trd, 2591242.446, 102
Trd, 2591242.496, 104
Trd, 2591242.829, 101
Trd, 2591243.529, 97
Trd, 2591243.663, 103
Trd, 2591243.779, 105
Trd, 2591244.879, 92
Trd, 2591246.179, 95
Trd, 2591246.379, 92
Trd, 2591246.579, 99
Trd, 2591247.346, 99
Trd, 2591248.013, 94
Trd, 2591250.096, 96
Trd, 2591250.296, 96
Trd, 2591250.546, 97
Trd, 2591250.696, 96
Trd, 2591250.846, 91
Trd, 2591251.629, 97
Trd, 2591251.796, 87
Trd, 2591252.779, 90
Trd, 2591253.663, 90
Trd, 2591254.163, 90
Trd, 2591254.413, 91
Trd, 2591254.846, 93
Trd, 2591254.863, 95
Trd, 2591255.029, 87
Trd, 2591255.079, 101
Trd, 2591255.179, 81
Trd, 2591256.096, 105
Trd, 2591258.263, 107
Trd, 2591259.529, 95
Trd, 2591260.563, 94
Trd, 2591260.829, 95
Trd, 2591260.879, 96
Trd, 2591261.329, 93
Trd, 2591262.413, 96
Trd, 2591262.463, 101
Trd, 2591262.746, 108
Trd, 2591262.846, 105
Trd, 2591262.946, 114
Trd, 2591264.713, 98
Trd, 2591265.663, 97
Trd, 2591266.879, 95
Trd, 2591267.263, 104
Trd, 2591267.629, 94
Trd, 2591267.996, 91
Trd, 2591269.863, 99
Trd, 2591270.063, 100
Trd, 2591270.096, 99
Trd, 2591270.513, 100
Trd, 2591270.746, 100
Trd, 2591270.779, 101
Trd, 2591271.513, 101
Trd, 2591271.763, 105
Trd, 2591272.196, 99
Trd, 2591274.696, 99
Trd, 2591275.046, 102
Trd, 2591275.313, 99
Trd, 2591276.729, 103
Trd, 2591277.379, 101
Trd, 2591278.279, 100
Trd, 2591278.296, 99
Trd, 2591278.579, 98
Trd, 2591278.779, 101
Trd, 2591278.813, 108
Trd, 2591278.896, 118
Trd, 2591279.313, 92
Trd, 2591280.463, 92
Trd, 2591280.579, 95
Trd, 2591280.663, 89
Trd, 2591281.663, 98
Trd, 2591283.013, 100
Trd, 2591284.729, 94
Trd, 2591285.046, 93
Trd, 2591285.846, 87
Trd, 2591287.046, 94
Trd, 2591289.179, 94
Trd, 2591289.279, 95
Trd, 2591290.296, 96
Trd, 2591290.613, 100
Trd, 2591290.646, 97
Trd, 2591290.663, 101
Trd, 2591290.913, 107
Trd, 2591291.313, 99
Trd, 2591291.363, 108
Trd, 2591291.446, 98
Trd, 2591291.479, 97
Trd, 2591291.629, 114
Trd, 2591292.146, 115
Trd, 2591292.713, 94
Trd, 2591294.063, 92
Trd, 2591295.413, 98
Trd, 2591295.546, 96
Trd, 2591295.713, 99
Trd, 2591295.746, 105
Trd, 2591295.896, 118
Trd, 2591296.046, 122
Trd, 2591296.496, 98
Trd, 2591296.646, 97
Trd, 2591296.729, 96
Trd, 2591297.496, 112
Trd, 2591298.646, 110
Trd, 2591299.479, 108
Trd, 2591300.329, 100
Trd, 2591301.029, 97
Trd, 2591301.613, 91
Trd, 2591302.813, 87
Trd, 2591304.063, 87
Trd, 2591305.229, 87
Trd, 2591305.946, 90
Trd, 2591306.346, 91
Trd, 2591306.663, 93
Trd, 2591306.779, 94
Trd, 2591307.563, 94
Trd, 2591308.363, 99
Trd, 2591308.529, 95
Trd, 2591308.996, 98
Trd, 2591309.029, 97
Trd, 2591309.096, 101
Trd, 2591309.229, 83
Trd, 2591309.329, 105
Trd, 2591310.329, 108
Trd, 2591310.379, 99
Trd, 2591312.746, 108
Trd, 2591313.446, 98
Trd, 2591315.396, 108
Trd, 2591315.613, 109
Trd, 2591316.146, 108
Trd, 2591316.463, 105
Trd, 2591317.663, 108
Trd, 2591317.729, 105
Trd, 2591318.129, 101
Trd, 2591319.246, 108
Trd, 2591320.046, 106
Trd, 2591321.813, 110
Trd, 2591321.863, 111
Trd, 2591322.229, 108
Trd, 2591322.463, 108
Trd, 2591322.696, 108
Trd, 2591322.829, 112
Trd, 2591323.179, 118
Trd, 2591323.713, 117
Trd, 2591323.913, 115
Trd, 2591324.579, 114
Trd, 2591325.146, 113
Trd, 2591325.563, 111
Trd, 2591326.263, 109
Trd, 2591326.629, 108
Trd, 2591327.413, 101
Trd, 2591327.679, 107
Trd, 2591327.729, 98
Trd, 2591328.213, 94
Trd, 2591328.629, 120
Trd, 2591329.913, 90
Trd, 2591331.879, 105
Trd, 2591331.913, 104
Trd, 2591333.679, 101
Trd, 2591335.029, 89
Trd, 2591335.563, 91
Trd, 2591335.863, 91
Trd, 2591336.146, 93
Trd, 2591336.163, 91
Trd, 2591336.813, 91
Trd, 2591336.913, 87
Trd, 2591337.529, 85
Trd, 2591337.813, 89
Trd, 2591337.963, 90
Trd, 2591338.029, 98
Trd, 2591338.296, 101
Trd, 2591339.546, 105
Trd, 2591339.913, 102
Trd, 2591340.296, 108
Trd, 2591340.879, 95
Trd, 2591341.746, 100
Trd, 2591341.796, 86
Trd, 2591342.579, 85
Trd, 2591343.929, 92
Trd, 2591344.013, 81
Trd, 2591345.713, 102
Trd, 2591346.046, 104
Trd, 2591347.329, 86
Trd, 2591347.679, 87
Trd, 2591348.046, 99
Trd, 2591348.913, 88
Trd, 2591350.246, 97
Trd, 2591351.079, 97
Trd, 2591351.096, 98
Trd, 2591351.763, 100
Trd, 2591351.796, 99
Trd, 2591352.129, 100
Trd, 2591352.246, 99
Trd, 2591352.413, 98
Trd, 2591352.729, 101
Trd, 2591353.196, 96
Trd, 2591353.763, 105
Trd, 2591353.863, 108
Trd, 2591354.213, 97
Trd, 2591354.813, 96
Trd, 2591356.363, 104
Trd, 2591356.513, 107
Trd, 2591356.796, 103
Trd, 2591356.963, 100
Trd, 2591357.363, 107
Trd, 2591358.879, 109
Trd, 2591360.179, 109
Trd, 2591360.646, 108
Trd, 2591360.663, 109
Trd, 2591361.796, 105
Trd, 2591362.479, 94
Trd, 2591363.979, 91
Trd, 2591364.046, 97
Trd, 2591364.113, 87
Trd, 2591364.313, 104
Trd, 2591364.629, 104
Trd, 2591364.696, 86
Trd, 2591365.946, 88
Trd, 2591367.246, 97
Trd, 2591367.263, 86
Trd, 2591368.529, 99
Trd, 2591369.663, 98
Trd, 2591369.929, 98
Trd, 2591370.096, 105
Trd, 2591370.146, 108
Trd, 2591371.313, 92
Trd, 2591372.379, 94
Trd, 2591372.779, 94
Trd, 2591373.613, 112
Trd, 2591374.079, 112
Trd, 2591374.746, 107
Trd, 2591375.296, 107
Trd, 2591375.313, 108
Trd, 2591375.896, 110
Trd, 2591376.096, 109
Trd, 2591376.246, 108
Trd, 2591376.763, 102
Trd, 2591377.246, 111
Trd, 2591377.329, 102
Trd, 2591377.363, 101
Trd, 2591379.913, 108
Trd, 2591380.696, 105
Trd, 2591380.963, 97
Trd, 2591380.979, 94
Trd, 2591382.529, 104
Trd, 2591383.963, 99
Trd, 2591384.313, 105
Trd, 2591385.046, 113
Trd, 2591385.863, 104
Trd, 2591386.463, 112
Trd, 2591386.596, 104
Trd, 2591387.096, 101
Trd, 2591389.179, 111
Trd, 2591389.196, 98
Trd, 2591390.846, 110
Trd, 2591391.413, 112
Trd, 2591391.496, 108
Trd, 2591391.613, 101
Trd, 2591392.296, 102
Trd, 2591392.496, 98
Trd, 2591392.946, 101
Trd, 2591392.979, 94
Trd, 2591393.163, 91
Trd, 2591393.279, 87
Trd, 2591393.863, 105
Trd, 2591395.729, 97
Trd, 2591395.896, 98
Trd, 2591396.179, 97
Trd, 2591396.279, 92
Trd, 2591396.646, 98
Trd, 2591397.396, 97
Trd, 2591398.363, 96
Trd, 2591398.846, 94
Trd, 2591398.879, 98
Trd, 2591398.913, 105
Trd, 2591400.496, 105
Trd, 2591401.129, 108
Trd, 2591401.946, 109
Trd, 2591402.496, 105
Trd, 2591402.796, 99
Trd, 2591404.763, 98
Trd, 2591405.129, 88
Trd, 2591405.463, 111
Trd, 2591406.046, 92
Trd, 2591406.096, 91
Trd, 2591406.213, 87
Trd, 2591406.363, 95
Trd, 2591407.646, 111
Trd, 2591407.729, 115
Trd, 2591408.313, 103
Trd, 2591411.046, 105
Trd, 2591411.646, 104
Trd, 2591411.713, 104
Trd, 2591411.913, 104
Trd, 2591411.929, 105
Trd, 2591412.363, 101
Trd, 2591414.096, 108
Trd, 2591415.363, 109
Trd, 2591416.346, 108
Trd, 2591416.846, 111
Trd, 2591416.896, 112
Trd, 2591418.196, 104
Trd, 2591418.646, 102
Trd, 2591418.996, 102
Trd, 2591419.296, 101
Trd, 2591419.863, 98
Trd, 2591420.146, 103
Trd, 2591420.179, 104
Trd, 2591420.229, 94
Trd, 2591420.929, 98
Trd, 2591421.196, 104
Trd, 2591422.396, 90
Trd, 2591423.863, 100
Trd, 2591424.079, 101
Trd, 2591424.846, 102
Trd, 2591424.946, 104
Trd, 2591425.096, 101
Trd, 2591425.129, 105
Trd, 2591426.063, 112
Trd, 2591426.196, 114
Trd, 2591426.363, 118
Trd, 2591427.746, 107
Trd, 2591428.096, 105
Trd, 2591428.379, 97
Trd, 2591428.913, 94
Trd, 2591429.779, 87
Trd, 2591431.029, 92
Trd, 2591431.163, 91
Trd, 2591432.196, 97
Trd, 2591432.229, 99
Trd, 2591433.396, 93
Trd, 2591433.463, 90
Trd, 2591434.079, 89
Trd, 2591434.129, 84
Trd, 2591434.146, 101
Trd, 2591435.796, 91
Trd, 2591436.329, 100
Trd, 2591436.763, 100
Trd, 2591437.713, 87
Trd, 2591437.879, 85
Trd, 2591438.929, 98
Trd, 2591439.779, 99
Trd, 2591440.046, 99
Trd, 2591440.229, 99
Trd, 2591440.696, 99
Trd, 2591441.213, 101
Trd, 2591441.546, 101
Trd, 2591442.429, 105
Trd, 2591443.863, 106
Trd, 2591445.063, 108
Trd, 2591445.679, 108
Trd, 2591446.279, 107
Trd, 2591446.679, 114
Trd, 2591448.829, 108
Trd, 2591449.213, 98
Trd, 2591449.629, 94
Trd, 2591450.263, 87
Trd, 2591450.363, 84
Trd, 2591450.746, 88
Trd, 2591451.363, 84
Trd, 2591451.446, 82
Trd, 2591451.596, 87
Trd, 2591451.729, 88
Trd, 2591452.229, 95
Trd, 2591452.613, 99
Trd, 2591452.763, 101
Trd, 2591454.313, 94
Trd, 2591455.696, 103
Trd, 2591456.879, 102
Trd, 2591456.896, 105
Trd, 2591457.629, 102
Trd, 2591458.479, 99
Trd, 2591459.129, 103
Trd, 2591459.563, 102
Trd, 2591459.679, 105
Trd, 2591459.796, 101
Trd, 2591461.546, 98
Trd, 2591461.579, 109
Trd, 2591461.963, 100
Trd, 2591462.113, 108
Trd, 2591462.363, 98
Trd, 2591463.196, 96
Trd, 2591463.629, 95
Trd, 2591463.646, 101
Trd, 2591463.829, 94
Trd, 2591464.479, 97
Trd, 2591464.913, 96
Trd, 2591465.263, 101
Trd, 2591465.579, 114
Trd, 2591466.079, 95
Trd, 2591466.929, 112
Trd, 2591467.329, 118
Trd, 2591467.629, 114
Trd, 2591468.396, 112
Trd, 2591468.663, 112
Trd, 2591469.746, 91
Trd, 2591470.829, 91
Trd, 2591472.013, 93
Trd, 2591472.413, 94
Trd, 2591472.429, 95
Trd, 2591472.546, 90
Trd, 2591473.146, 95
Trd, 2591473.613, 99
Trd, 2591474.496, 105
Trd, 2591474.546, 87
Trd, 2591474.929, 108
Trd, 2591475.846, 108
Trd, 2591476.746, 109
Trd, 2591477.163, 105
Trd, 2591477.563, 106
Trd, 2591479.429, 98
Trd, 2591479.963, 100
Trd, 2591480.129, 100
Trd, 2591481.279, 94
Trd, 2591481.813, 91
Trd, 2591481.929, 101
Trd, 2591482.263, 101
Trd, 2591482.763, 94
Trd, 2591483.846, 94
Trd, 2591484.113, 98
Trd, 2591485.729, 92
Trd, 2591485.746, 91
Trd, 2591485.846, 90
Trd, 2591487.829, 94
Trd, 2591488.263, 93
Trd, 2591488.379, 83
Trd, 2591488.496, 94
Trd, 2591489.113, 101
Trd, 2591490.129, 93
Trd, 2591490.313, 96
Trd, 2591490.829, 92
Trd, 2591490.996, 91
Trd, 2591492.496, 93
Trd, 2591492.896, 92
Trd, 2591493.613, 91
Trd, 2591493.713, 91
Trd, 2591493.829, 101
Trd, 2591493.879, 105
Trd, 2591495.029, 108
Trd, 2591495.979, 112
Trd, 2591496.479, 95
Trd, 2591497.629, 107
Trd, 2591498.046, 102
Trd, 2591498.063, 100
Trd, 2591498.146, 100
Trd, 2591498.263, 99
Trd, 2591498.529, 109
Trd, 2591499.763, 94
Trd, 2591501.229, 96
Trd, 2591501.313, 101
Trd, 2591502.179, 109
Trd, 2591502.396, 108
Trd, 2591502.563, 94
Trd, 2591502.963, 92
Trd, 2591503.279, 109
Trd, 2591503.896, 118
Trd, 2591505.329, 112
Trd, 2591505.346, 90
Trd, 2591505.813, 88
Trd, 2591506.579, 87
Trd, 2591506.879, 83
Trd, 2591508.179, 93
Trd, 2591508.429, 91
Trd, 2591508.546, 86
Trd, 2591509.396, 90
Trd, 2591509.429, 94
Trd, 2591509.679, 96
Trd, 2591510.546, 88
Trd, 2591510.779, 97
Trd, 2591511.346, 98
Trd, 2591512.629, 97
Trd, 2591513.663, 99
Trd, 2591514.346, 101
Trd, 2591514.763, 108
Trd, 2591514.946, 113
Trd, 2591515.029, 99
Trd, 2591515.763, 115
Trd, 2591517.579, 108
Trd, 2591517.863, 113
Trd, 2591518.179, 105
Trd, 2591518.913, 107
Trd, 2591520.546, 104
Trd, 2591520.913, 104
Trd, 2591521.313, 103
Trd, 2591522.113, 102
Trd, 2591522.563, 101
Trd, 2591522.696, 97
Trd, 2591522.996, 94
Trd, 2591523.129, 91
Trd, 2591523.446, 99
Trd, 2591523.946, 88
Trd, 2591524.146, 87
Trd, 2591526.196, 89
Trd, 2591526.496, 98
Trd, 2591526.979, 99
Trd, 2591527.829, 91
Trd, 2591529.279, 93
Trd, 2591529.929, 101
Trd, 2591530.313, 104
Trd, 2591530.329, 94
Trd, 2591530.796, 94
Trd, 2591531.063, 92
Trd, 2591532.113, 104
Trd, 2591533.496, 104
Trd, 2591533.846, 105
Trd, 2591534.413, 105
Trd, 2591534.596, 105
Trd, 2591535.613, 105
Trd, 2591537.213, 103
Trd, 2591537.679, 106
Trd, 2591537.763, 105
Trd, 2591538.296, 105
Trd, 2591539.013, 106
Trd, 2591540.529, 108
Trd, 2591540.646, 99
Trd, 2591541.246, 113
Trd, 2591541.596, 113
Trd, 2591541.713, 97
Trd, 2591542.046, 94
Trd, 2591542.579, 98
Trd, 2591542.929, 93
Trd, 2591543.213, 98
Trd, 2591544.213, 95
Trd, 2591544.829, 92
Trd, 2591545.463, 93
Trd, 2591546.646, 96
Trd, 2591547.196, 95
Trd, 2591548.213, 93
Trd, 2591548.963, 102
Trd, 2591549.929, 99
Trd, 2591550.346, 98
Trd, 2591550.563, 94
Trd, 2591550.579, 98
Trd, 2591550.929, 97
Trd, 2591551.013, 97
Trd, 2591551.313, 93
Trd, 2591551.429, 104
Trd, 2591551.596, 91
Trd, 2591551.963, 98
Trd, 2591552.329, 105
Trd, 2591554.113, 107
Trd, 2591555.646, 108
Trd, 2591555.729, 114
Trd, 2591557.413, 110
Trd, 2591557.813, 109
Trd, 2591558.313, 107
Trd, 2591558.796, 105
Trd, 2591558.946, 107
Trd, 2591559.196, 98
Trd, 2591559.629, 96
Trd, 2591559.913, 105
Trd, 2591560.629, 96
Trd, 2591560.763, 94
Trd, 2591561.529, 95
Trd, 2591562.063, 87
Trd, 2591563.029, 94
Trd, 2591563.079, 94
Trd, 2591563.529, 93
Trd, 2591563.679, 90
Trd, 2591564.663, 95
Trd, 2591564.796, 102
Trd, 2591565.179, 89
Trd, 2591566.596, 102
Trd, 2591567.963, 101
Trd, 2591568.129, 101
Trd, 2591568.379, 105
Trd, 2591568.563, 104
Trd, 2591569.879, 105
Trd, 2591571.346, 105
Trd, 2591571.646, 103
Trd, 2591571.679, 106
Trd, 2591571.713, 108
Trd, 2591572.379, 117
Trd, 2591572.579, 94
Trd, 2591572.696, 87
Trd, 2591573.713, 113
Trd, 2591575.363, 98
Trd, 2591576.263, 99
Trd, 2591576.463, 98
Trd, 2591577.363, 112
Trd, 2591578.379, 103
Trd, 2591578.446, 101
Trd, 2591578.479, 116
Trd, 2591578.629, 112
Trd, 2591578.729, 97
Trd, 2591578.863, 118
Trd, 2591579.763, 95
Trd, 2591580.129, 94
Trd, 2591580.646, 114
Trd, 2591582.179, 100
Trd, 2591582.896, 99
Trd, 2591582.996, 96
Trd, 2591583.146, 106
Trd, 2591583.713, 108
Trd, 2591583.779, 94
Trd, 2591584.313, 93
Trd, 2591585.279, 110
Trd, 2591585.429, 93
Trd, 2591586.329, 110
Trd, 2591587.263, 110
Trd, 2591587.729, 98
Trd, 2591588.546, 91
Trd, 2591589.179, 87
Trd, 2591589.296, 81
Trd, 2591590.313, 91
Trd, 2591591.429, 94
Trd, 2591592.946, 95
Trd, 2591592.979, 97
Trd, 2591593.213, 97
Trd, 2591594.113, 101
Trd, 2591594.346, 98
Trd, 2591594.596, 97
Trd, 2591595.763, 98
Trd, 2591596.363, 94
Trd, 2591596.763, 95
Trd, 2591596.929, 96
Trd, 2591597.613, 105
Trd, 2591598.246, 88
Trd, 2591598.463, 106
Trd, 2591598.513, 107
Trd, 2591598.913, 87
Trd, 2591599.446, 81
Trd, 2591600.446, 86
Trd, 2591600.829, 87
Trd, 2591602.946, 99
Trd, 2591603.313, 101
Trd, 2591603.996, 104
Trd, 2591604.063, 102
Trd, 2591605.063, 106
Trd, 2591605.429, 108
Trd, 2591605.679, 102
Trd, 2591606.763, 105
Trd, 2591607.163, 115
Trd, 2591607.213, 115
Trd, 2591607.329, 102
Trd, 2591608.379, 105
Trd, 2591608.979, 101
Trd, 2591609.196, 98
Trd, 2591610.713, 98
Trd, 2591610.779, 98
Trd, 2591610.846, 97
Trd, 2591611.113, 99
Trd, 2591612.163, 101
Trd, 2591613.529, 101
Trd, 2591614.296, 101
Trd, 2591615.279, 102
Trd, 2591615.696, 104
Trd, 2591615.829, 101
Trd, 2591615.896, 108
Trd, 2591616.696, 107
Trd, 2591616.996, 94
Trd, 2591617.163, 112
Trd, 2591617.546, 111
Trd, 2591618.613, 95
Trd, 2591618.846, 95
Trd, 2591619.229, 95
Trd, 2591619.263, 94
Trd, 2591619.929, 111
Trd, 2591620.479, 94
Trd, 2591621.379, 91
Trd, 2591621.596, 93
Trd, 2591622.379, 94
Trd, 2591624.263, 98
Trd, 2591624.929, 103
Trd, 2591625.463, 103
Trd, 2591625.496, 105
Trd, 2591625.679, 108
Trd, 2591625.829, 101
Trd, 2591626.079, 96
Trd, 2591626.213, 87
Trd, 2591626.496, 84
Trd, 2591627.129, 99
Trd, 2591627.679, 118
Trd, 2591629.163, 102
Trd, 2591630.029, 101
Trd, 2591630.296, 115
Trd, 2591630.779, 102
Trd, 2591631.996, 112
Trd, 2591633.296, 109
Trd, 2591633.479, 108
Trd, 2591633.529, 107
Trd, 2591634.063, 105
Trd, 2591634.079, 100
Trd, 2591634.696, 104
Trd, 2591635.229, 105
Trd, 2591635.329, 106
Trd, 2591635.796, 103
Trd, 2591635.829, 101
Trd, 2591637.079, 97
Trd, 2591637.229, 95
Trd, 2591637.629, 94
Trd, 2591638.296, 99
Trd, 2591639.813, 94
Trd, 2591641.763, 111
Trd, 2591641.863, 96
Trd, 2591643.029, 108
Trd, 2591643.229, 107
Trd, 2591643.929, 94
Trd, 2591645.479, 96
Trd, 2591646.213, 93
Trd, 2591646.863, 95
Trd, 2591647.113, 98
Trd, 2591647.179, 98
Trd, 2591647.813, 90
Trd, 2591648.646, 89
Trd, 2591648.763, 102
Trd, 2591648.963, 94
Trd, 2591650.479, 105
Trd, 2591650.879, 97
Trd, 2591651.079, 108
Trd, 2591651.213, 96
Trd, 2591651.296, 112
Trd, 2591652.629, 98
Trd, 2591653.413, 112
Trd, 2591653.629, 98
Trd, 2591654.196, 101
Trd, 2591654.296, 94
Trd, 2591654.379, 87
Trd, 2591654.413, 110
Trd, 2591655.663, 85
Trd, 2591655.746, 86
Trd, 2591655.779, 84
Trd, 2591655.896, 87
Trd, 2591657.746, 82
Trd, 2591657.929, 106
Trd, 2591658.129, 105
Trd, 2591659.029, 105
Trd, 2591659.296, 96
Trd, 2591661.946, 96
Trd, 2591662.329, 98
Trd, 2591662.463, 99
Trd, 2591663.363, 96
Trd, 2591663.496, 103
Trd, 2591664.413, 104
Trd, 2591665.429, 105
Trd, 2591665.813, 100
Trd, 2591665.963, 108
Trd, 2591666.013, 112
Trd, 2591666.196, 99
Trd, 2591666.213, 94
Trd, 2591667.446, 91
Trd, 2591667.646, 90
Trd, 2591667.713, 87
Trd, 2591668.229, 113
Trd, 2591671.429, 97
Trd, 2591672.246, 96
Trd, 2591672.513, 99
Trd, 2591672.596, 96
Trd, 2591672.913, 97
Trd, 2591673.029, 94
Trd, 2591673.113, 105
Trd, 2591673.863, 95
Trd, 2591673.946, 102
Trd, 2591674.079, 108
Trd, 2591674.763, 99
Trd, 2591675.579, 111
Trd, 2591676.246, 110
Trd, 2591678.646, 105
Trd, 2591680.063, 102
Trd, 2591680.879, 102
Trd, 2591681.146, 101
Trd, 2591681.463, 98
Trd, 2591681.596, 94
Trd, 2591681.713, 91
Trd, 2591681.863, 88
Trd, 2591682.229, 88
Trd, 2591683.713, 91
Trd, 2591685.563, 102
Trd, 2591686.363, 105
Trd, 2591686.613, 103
Trd, 2591687.413, 106
Trd, 2591687.446, 106
Trd, 2591687.896, 107
Trd, 2591688.113, 108
Trd, 2591688.296, 106
Trd, 2591689.429, 112
Trd, 2591689.863, 106
Trd, 2591689.979, 101
Trd, 2591690.846, 99
Trd, 2591691.146, 98
Trd, 2591691.863, 94
Trd, 2591691.929, 111
Trd, 2591691.963, 90
Trd, 2591692.046, 87
Trd, 2591694.729, 111
Trd, 2591694.846, 112
Trd, 2591694.913, 111
Trd, 2591695.529, 110
Trd, 2591696.046, 108
Trd, 2591696.396, 101
Trd, 2591697.296, 102
Trd, 2591698.196, 97
Trd, 2591698.713, 101
Trd, 2591699.846, 96
Trd, 2591700.929, 94
Trd, 2591701.679, 96
Trd, 2591701.763, 91
Trd, 2591702.163, 98
Trd, 2591702.379, 105
Trd, 2591702.729, 108
Trd, 2591702.996, 87
Trd, 2591703.513, 115
Trd, 2591703.713, 86
Trd, 2591704.129, 87
Trd, 2591704.196, 112
Trd, 2591704.413, 85
Trd, 2591704.429, 84
Trd, 2591704.529, 81
Trd, 2591705.646, 80
Trd, 2591706.029, 115
Trd, 2591707.346, 85
Trd, 2591708.263, 112
Trd, 2591709.563, 111
Trd, 2591710.829, 107
Trd, 2591710.913, 108
Trd, 2591711.163, 108
Trd, 2591711.546, 105
Trd, 2591712.296, 106
Trd, 2591712.863, 103
Trd, 2591712.879, 114
Trd, 2591713.213, 113
Trd, 2591715.096, 98
Trd, 2591715.229, 105
Trd, 2591715.813, 93
Trd, 2591716.679, 99
Trd, 2591716.763, 100
Trd, 2591717.163, 97
Trd, 2591718.446, 97
Trd, 2591718.763, 97
Trd, 2591719.129, 94
Trd, 2591719.163, 91
Trd, 2591719.263, 96
Trd, 2591720.629, 96
Trd, 2591720.746, 89
Trd, 2591720.763, 101
Trd, 2591721.646, 99
Trd, 2591722.329, 99
Trd, 2591723.196, 101
Trd, 2591724.179, 97
Trd, 2591724.779, 99
Trd, 2591726.096, 102
Trd, 2591726.629, 99
Trd, 2591727.563, 105
Trd, 2591727.829, 105
Trd, 2591727.996, 108
Trd, 2591728.946, 107
Trd, 2591729.846, 112
Trd, 2591729.929, 105
Trd, 2591730.813, 98
Trd, 2591731.479, 96
Trd, 2591732.046, 94
Trd, 2591732.546, 99
Trd, 2591732.929, 101
Trd, 2591733.029, 104
Trd, 2591735.079, 92
Trd, 2591736.179, 90
Trd, 2591736.213, 94
Trd, 2591736.679, 94
Trd, 2591736.996, 95
Trd, 2591737.329, 91
Trd, 2591737.779, 88
Trd, 2591738.979, 95
Trd, 2591739.713, 95
Trd, 2591739.996, 101
Trd, 2591740.479, 91
Trd, 2591740.813, 91
Trd, 2591741.229, 105
Trd, 2591741.529, 92
Trd, 2591742.379, 114
Trd, 2591742.763, 97
Trd, 2591743.046, 96
Trd, 2591743.596, 114
Trd, 2591744.513, 107
Trd, 2591746.463, 106
Trd, 2591746.979, 106
Trd, 2591746.996, 105
Trd, 2591747.046, 102
Trd, 2591747.429, 108
Trd, 2591748.346, 108
Trd, 2591748.779, 101
Trd, 2591749.163, 98
Trd, 2591749.379, 104
Trd, 2591751.079, 104
Trd, 2591751.329, 103
Trd, 2591752.713, 101
Trd, 2591753.629, 96
Trd, 2591753.663, 101
Trd, 2591754.929, 98
Trd, 2591755.229, 98
Trd, 2591755.613, 98
Trd, 2591756.129, 103
Trd, 2591757.479, 100
Trd, 2591757.496, 95
Trd, 2591758.196, 101
Trd, 2591759.063, 95
Trd, 2591759.146, 108
Trd, 2591761.146, 111
Trd, 2591761.246, 113
Trd, 2591761.563, 105
Trd, 2591761.696, 104
Trd, 2591761.829, 103
Trd, 2591762.146, 102
Trd, 2591762.829, 98
Trd, 2591764.263, 111
Trd, 2591765.179, 100
Trd, 2591765.296, 99
Trd, 2591766.296, 106
Trd, 2591766.429, 94
Trd, 2591766.579, 91
Trd, 2591768.813, 97
Trd, 2591769.446, 97
Trd, 2591770.396, 98
Trd, 2591770.696, 101
Trd, 2591770.779, 92
Trd, 2591771.513, 95
Trd, 2591771.579, 105
Trd, 2591771.746, 91
Trd, 2591772.163, 106
Trd, 2591772.546, 88
Trd, 2591772.779, 87
Trd, 2591773.113, 108
Trd, 2591773.863, 104
Trd, 2591774.096, 109
Trd, 2591774.179, 88
Trd, 2591775.496, 92
Trd, 2591776.346, 92
Trd, 2591777.096, 104
Trd, 2591777.863, 105
Trd, 2591778.196, 105
Trd, 2591778.963, 96
Trd, 2591779.596, 97
Trd, 2591779.946, 98
Trd, 2591780.079, 101
Trd, 2591780.563, 101
Trd, 2591780.713, 97
Trd, 2591781.379, 94
Trd, 2591782.263, 102
Trd, 2591783.079, 105
Trd, 2591783.246, 98
Trd, 2591783.363, 97
Trd, 2591784.046, 91
Trd, 2591785.079, 90
Trd, 2591785.363, 89
Trd, 2591785.979, 112
Trd, 2591786.763, 111
Trd, 2591786.863, 92
Trd, 2591786.996, 114
Trd, 2591787.179, 118
Trd, 2591788.663, 113
Trd, 2591788.679, 112
Trd, 2591788.996, 107
Trd, 2591789.396, 105
Trd, 2591789.879, 112
Trd, 2591789.963, 94
Trd, 2591790.263, 122
Trd, 2591792.296, 98
Trd, 2591792.513, 93
Trd, 2591794.146, 111
Trd, 2591794.496, 110
Trd, 2591795.313, 95
Trd, 2591795.546, 98
Trd, 2591796.563, 94
Trd, 2591796.929, 94
Trd, 2591797.013, 100
Trd, 2591798.113, 98
Trd, 2591798.546, 99
Trd, 2591798.896, 99
Trd, 2591799.413, 94
Trd, 2591799.429, 89
Trd, 2591799.546, 87
Trd, 2591801.013, 98
Trd, 2591801.979, 101
Trd, 2591801.996, 90
Trd, 2591802.913, 98
Trd, 2591803.913, 97
Trd, 2591803.979, 90
Trd, 2591805.163, 101
Trd, 2591805.263, 101
Trd, 2591805.946, 105
Trd, 2591805.979, 108
Trd, 2591806.896, 95
Trd, 2591807.579, 97
Trd, 2591807.663, 98
Trd, 2591807.896, 96
Trd, 2591808.229, 112
Trd, 2591808.363, 91
Trd, 2591808.979, 111
Trd, 2591810.463, 91
Trd, 2591810.629, 94
Trd, 2591813.246, 94
Trd, 2591813.313, 92
Trd, 2591813.963, 92
Trd, 2591814.013, 89
Trd, 2591814.479, 96
Trd, 2591814.563, 101
Trd, 2591815.096, 101
Trd, 2591815.613, 102
Trd, 2591815.979, 87
Trd, 2591817.129, 84
Trd, 2591818.279, 84
Trd, 2591819.246, 87
Trd, 2591819.846, 96
Trd, 2591820.146, 96
Trd, 2591820.329, 97
Trd, 2591821.346, 101
Trd, 2591821.446, 101
Trd, 2591821.713, 104
Trd, 2591821.846, 105
Trd, 2591823.929, 111
Trd, 2591824.613, 108
Trd, 2591825.229, 108
Trd, 2591825.579, 109
Trd, 2591825.763, 109
Trd, 2591825.963, 109
Trd, 2591826.329, 110
Trd, 2591827.579, 109
Trd, 2591827.879, 109
Trd, 2591827.929, 108
Trd, 2591828.046, 111
Trd, 2591828.446, 117
Trd, 2591828.796, 118
Trd, 2591828.846, 105
Trd, 2591830.279, 101
Trd, 2591830.379, 97
Trd, 2591830.496, 94
Trd, 2591830.513, 91
Trd, 2591831.263, 114
Trd, 2591832.029, 93
Trd, 2591832.479, 95
Trd, 2591834.429, 89
Trd, 2591835.346, 105
Trd, 2591837.179, 88
Trd, 2591838.163, 90
Trd, 2591838.413, 88
Trd, 2591838.529, 87
Trd, 2591839.029, 87
Trd, 2591839.446, 90
Trd, 2591839.946, 90
Trd, 2591840.729, 90
Trd, 2591840.996, 89
Trd, 2591841.763, 90
Trd, 2591842.946, 97
Trd, 2591843.013, 97
Trd, 2591843.879, 95
Trd, 2591844.079, 99
Trd, 2591844.796, 98
Trd, 2591845.163, 98
Trd, 2591845.263, 100
Trd, 2591845.946, 101
Trd, 2591846.729, 98
Trd, 2591847.196, 105
Trd, 2591847.313, 97
Trd, 2591847.529, 108
Trd, 2591847.646, 91
Trd, 2591847.946, 112
Trd, 2591848.729, 108
Trd, 2591848.863, 103
Trd, 2591850.596, 105
Trd, 2591850.679, 92
Trd, 2591851.413, 93
Trd, 2591852.329, 95
Trd, 2591852.629, 96
Trd, 2591853.179, 96
Trd, 2591854.263, 98
Trd, 2591855.096, 99
Trd, 2591855.679, 94
Trd, 2591855.779, 96
Trd, 2591856.829, 96
Trd, 2591858.013, 102
Trd, 2591858.896, 103
Trd, 2591860.163, 107
Trd, 2591860.263, 106
Trd, 2591860.529, 106
Trd, 2591860.596, 98
Trd, 2591861.546, 105
Trd, 2591862.329, 95
Trd, 2591862.729, 94
Trd, 2591863.113, 105
Trd, 2591863.429, 105
Trd, 2591863.813, 92
Trd, 2591864.596, 93
Trd, 2591864.863, 87
Trd, 2591865.263, 95
Trd, 2591865.679, 96
Trd, 2591865.913, 86
Trd, 2591866.113, 104
Trd, 2591867.129, 94
Trd, 2591867.679, 90
Trd, 2591869.813, 98
Trd, 2591869.946, 101
Trd, 2591870.413, 107
Trd, 2591871.829, 91
Trd, 2591872.613, 94
Trd, 2591872.829, 106
Trd, 2591872.963, 94
Trd, 2591873.363, 93
Trd, 2591873.863, 93
Trd, 2591875.313, 97
Trd, 2591875.479, 95
Trd, 2591876.096, 94
Trd, 2591876.829, 94
Trd, 2591876.929, 95
Trd, 2591877.013, 87
Trd, 2591877.863, 94
Trd, 2591878.196, 84
Trd, 2591878.379, 104
Trd, 2591879.913, 107
Trd, 2591880.563, 106
Trd, 2591880.896, 92
Trd, 2591880.946, 108
Trd, 2591881.346, 87
Trd, 2591881.529, 87
Trd, 2591881.663, 112
Trd, 2591883.496, 96
Trd, 2591883.596, 91
Trd, 2591884.729, 98
Trd, 2591885.379, 95
Trd, 2591885.646, 101
Trd, 2591886.513, 102
Trd, 2591887.846, 104
Trd, 2591887.879, 101
Trd, 2591888.296, 97
Trd, 2591888.529, 94
Trd, 2591888.579, 100
Trd, 2591890.596, 94
Trd, 2591891.029, 103
Trd, 2591892.013, 93
Trd, 2591892.229, 101
Trd, 2591892.779, 104
Trd, 2591893.379, 103
Trd, 2591893.946, 90
Trd, 2591894.879, 102
Trd, 2591895.796, 101
Trd, 2591895.846, 95
Trd, 2591896.529, 101
Trd, 2591897.229, 103
Trd, 2591897.646, 102
Trd, 2591897.713, 105
Trd, 2591898.146, 101
Trd, 2591898.996, 99
Trd, 2591899.479, 112
Trd, 2591900.629, 108
Trd, 2591900.679, 107
Trd, 2591900.796, 105
Trd, 2591902.363, 98
Trd, 2591903.429, 96
Trd, 2591903.463, 94
Trd, 2591903.563, 100
Trd, 2591904.096, 101
Trd, 2591904.363, 101
Trd, 2591904.529, 95
Trd, 2591905.263, 94
Trd, 2591905.629, 105
Trd, 2591906.579, 97
Trd, 2591907.679, 107
Trd, 2591909.113, 105
Trd, 2591909.246, 104
Trd, 2591909.296, 91
Trd, 2591910.996, 101
Trd, 2591911.013, 87
Trd, 2591911.029, 101
Trd, 2591911.446, 94
Trd, 2591911.696, 83
Trd, 2591911.763, 82
Trd, 2591912.813, 93
Trd, 2591913.163, 92
Trd, 2591913.229, 92
Trd, 2591913.579, 92
Trd, 2591914.496, 105
Trd, 2591915.746, 111
Trd, 2591915.946, 110
Trd, 2591916.146, 108
Trd, 2591917.529, 91
Trd, 2591917.879, 94
Trd, 2591917.913, 95
Trd, 2591919.163, 98
Trd, 2591919.396, 101
Trd, 2591920.646, 102
Trd, 2591920.829, 100
Trd, 2591921.046, 103
Trd, 2591921.346, 100
Trd, 2591921.613, 97
Trd, 2591921.663, 105
Trd, 2591921.879, 113
Trd, 2591923.246, 112
Trd, 2591924.079, 93
Trd, 2591924.113, 92
Trd, 2591925.713, 109
Trd, 2591926.346, 110
Trd, 2591927.863, 112
Trd, 2591928.813, 115
Trd, 2591928.913, 111
Trd, 2591929.296, 108
Trd, 2591929.813, 101
Trd, 2591930.063, 95
Trd, 2591930.429, 118
Trd, 2591930.729, 98
Trd, 2591932.129, 113
Trd, 2591932.163, 98
Trd, 2591932.213, 94
Trd, 2591932.546, 88
Trd, 2591932.613, 88
Trd, 2591932.863, 109
Trd, 2591933.379, 108
Trd, 2591933.846, 108
Trd, 2591934.313, 105
Trd, 2591934.646, 100
Trd, 2591935.029, 97
Trd, 2591935.413, 92
Trd, 2591936.463, 93
Trd, 2591936.679, 99
Trd, 2591936.963, 91
Trd, 2591937.629, 90
Trd, 2591938.096, 94
Trd, 2591938.946, 93
Trd, 2591938.996, 93
Trd, 2591939.463, 92
Trd, 2591939.963, 93
Trd, 2591940.163, 94
Trd, 2591940.579, 96
Trd, 2591941.079, 101
Trd, 2591942.563, 91
Trd, 2591944.513, 100
Trd, 2591944.996, 91
Trd, 2591946.646, 94
Trd, 2591946.913, 101
Trd, 2591947.696, 98
Trd, 2591947.979, 97
Trd, 2591948.296, 96
Trd, 2591948.463, 99
Trd, 2591948.529, 101
Trd, 2591950.079, 104
Trd, 2591950.096, 101
Trd, 2591950.463, 105
Trd, 2591950.513, 101
Trd, 2591951.779, 94
Trd, 2591951.946, 104
Trd, 2591952.346, 105
Trd, 2591952.896, 108
Trd, 2591952.929, 114
Trd, 2591955.263, 89
Trd, 2591955.479, 96
Trd, 2591955.946, 88
Trd, 2591955.979, 101
Trd, 2591956.796, 89
Trd, 2591957.029, 89
Trd, 2591957.046, 88
Trd, 2591958.029, 98
Trd, 2591958.146, 99
Trd, 2591959.563, 89
Trd, 2591960.479, 90
Trd, 2591960.763, 95
Trd, 2591961.546, 95
Trd, 2591961.713, 95
Trd, 2591963.779, 90
Trd, 2591965.229, 99
Trd, 2591965.479, 100
Trd, 2591965.596, 99
Trd, 2591965.946, 101
Trd, 2591966.179, 105
Trd, 2591966.879, 107
Trd, 2591966.963, 101
Trd, 2591967.196, 108
Trd, 2591967.913, 99
Trd, 2591968.263, 98
Trd, 2591968.979, 88
Trd, 2591969.196, 87
Trd, 2591969.463, 98
Trd, 2591969.913, 84
Trd, 2591970.279, 101
Trd, 2591971.929, 101
Trd, 2591973.313, 96
Trd, 2591973.329, 97
Trd, 2591974.163, 101
Trd, 2591974.413, 105
Trd, 2591974.446, 108
Trd, 2591974.813, 103
Trd, 2591974.846, 102
Trd, 2591975.563, 98
Trd, 2591975.796, 91
Trd, 2591976.129, 108
Trd, 2591976.529, 84
Trd, 2591976.763, 81
Trd, 2591976.896, 99
Trd, 2591977.046, 114
Trd, 2591979.079, 104
Trd, 2591980.429, 105
Trd, 2591980.563, 105
Trd, 2591981.163, 106
Trd, 2591981.246, 107
Trd, 2591982.213, 106
Trd, 2591982.313, 103
Trd, 2591983.529, 103
Trd, 2591984.179, 104
Trd, 2591985.129, 101
Trd, 2591985.263, 102
Trd, 2591985.729, 95
Trd, 2591987.079, 94
Trd, 2591988.846, 98
Trd, 2591989.429, 92
Trd, 2591990.029, 94
Trd, 2591990.263, 97
Trd, 2591990.363, 94
Trd, 2591990.763, 93
Trd, 2591992.329, 95
Trd, 2591992.746, 94
Trd, 2591992.813, 95
Trd, 2591993.196, 97
Trd, 2591994.146, 97
Trd, 2591994.379, 99
Trd, 2591994.546, 101
Trd, 2591994.596, 105
Trd, 2591994.663, 94
Trd, 2591994.896, 93
Trd, 2591995.246, 106
Trd, 2591996.313, 98
Trd, 2591996.613, 92
Trd, 2591997.529, 98
Trd, 2591999.263, 97
Trd, 2591999.879, 96
